Type,Name,Request Count,Failure Count,Median Response Time,Average Response Time,Min Response Time,Max Response Time,Average Content Size,Requests/s,Failures/s,50%,66%,75%,80%,90%,95%,98%,99%,99.9%,99.99%,100%
GET,/api/recommendations/user_024ac876797443fea29faab12d3aebc7,42,0,4,9.937654764923666,2.066000015474856,188.1874999962747,2.0,0.14072469553494885,0.0,4,5,7,8,10,17,190,190,190,190,190
GET,/api/recommendations/user_02dcdd347e6d447b827504601ef3d352,53,0,4,6.794269816106501,2.2010999964550138,89.92179995402694,2.0,0.17758116341314975,0.0,4,5,5,6,8,21,23,90,90,90,90
GET,/api/recommendations/user_044a8a20a87148db8bcc8a0f1a4791b7,46,0,3,4.335630424421929,1.9611999159678817,21.54880005400628,2.0,0.15412704749065828,0.0,4,4,5,5,8,8,22,22,22,22,22
GET,/api/recommendations/user_0551f369b14c4c09803b2d0906f96fea,54,0,4,8.26770740699161,2.067199908196926,189.79309999849647,2.0,0.1809317514020771,0.0,4,4,5,5,10,19,23,190,190,190,190
GET,/api/recommendations/user_0616c265c0db4031ba0efbbf615e1fe5,43,0,4,7.883795355663223,1.9579000072553754,113.20060002617538,2.0,0.14407528352387622,0.0,4,4,4,5,6,9,110,110,110,110,110
GET,/api/recommendations/user_07955dc40bc84d4db91974548f346f6b,53,0,4,5.962860377347273,1.851600012741983,41.848900029435754,2.0,0.17758116341314975,0.0,4,5,6,6,14,18,20,42,42,42,42
GET,/api/recommendations/user_07a6f3ac955f43ce83c08a4494865dba,47,0,4,6.867361718174466,1.8793001072481275,58.65619995165616,2.0,0.15747763547958563,0.0,4,5,5,6,8,39,59,59,59,59,59
GET,/api/recommendations/user_0821ea47324d4654bc58b7e09cf0041e,27,0,4,5.519003715124671,2.0294999703764915,20.705899922177196,2.0,0.09046587570103855,0.0,4,5,6,6,11,12,21,21,21,21,21
GET,/api/recommendations/user_08e705a247dc4589b614e7fc8ff0a017,59,0,4,5.221313558187399,2.033500000834465,57.827900047414005,2.0,0.19768469134671388,0.0,4,4,5,6,8,11,12,58,58,58,58
GET,/api/recommendations/user_0978ac4e3e3142c2bd1452e9e44bb02c,48,0,3,5.845897918334231,1.7379999626427889,76.21710002422333,2.0,0.16082822346851297,0.0,4,4,5,6,7,9,76,76,76,76,76
GET,/api/recommendations/user_0de5f265337942998643be63eebc48da,47,0,3,8.039246813612099,1.788599998690188,98.95999997388572,2.0,0.15747763547958563,0.0,3,4,4,5,8,16,99,99,99,99,99
GET,/api/recommendations/user_0e22f049bb484629ab33f86d4cfc86d5,46,0,3,4.500706525742197,1.7766000237315893,19.837499945424497,2.0,0.15412704749065828,0.0,4,5,5,6,7,11,20,20,20,20,20
GET,/api/recommendations/user_0f9dd09bb3404eb1a64a32a1d9d06979,44,0,4,6.514163650783964,2.0558000542223454,44.324199901893735,2.0,0.14742587151280356,0.0,4,6,6,7,9,19,44,44,44,44,44
GET,/api/recommendations/user_127e2ce0575841aa98fdffdc564beebc,47,0,3,5.698670197198999,1.9576000049710274,101.53349989559501,2.0,0.15747763547958563,0.0,3,4,5,5,6,7,100,100,100,100,100
GET,/api/recommendations/user_13d914ccc4e848b6953d68493300f856,43,0,3,6.346851175780906,1.8800999969244003,77.8398000402376,2.0,0.14407528352387622,0.0,3,4,6,7,8,10,78,78,78,78,78
GET,/api/recommendations/user_13fc30d1e4e14b02a27c52ff20141456,65,0,3,6.8122292295671425,1.9239999819546938,179.67420001514256,2.0,0.217788219280278,0.0,3,4,5,5,6,10,16,180,180,180,180
GET,/api/recommendations/user_146c215057404b2ea78ff5c60e053b45,46,0,4,6.034189136698842,2.046799985691905,49.84880005940795,2.0,0.15412704749065828,0.0,4,5,6,6,10,14,50,50,50,50,50
GET,/api/recommendations/user_14fcdb22222242aaa45df10f11488476,41,0,3,7.660470732555884,2.1588000236079097,82.59410003665835,2.0,0.1373741075460215,0.0,3,5,5,6,8,12,83,83,83,83,83
GET,/api/recommendations/user_15785ea064b74be48190fcfa46c8d8fb,51,0,4,9.647176480012051,1.8257000483572483,184.59570000413805,2.0,0.17087998743529503,0.0,4,4,5,6,8,12,100,180,180,180,180
GET,/api/recommendations/user_1894625d0e344b7793469e41cee41eba,37,0,4,4.221837844926159,1.8217000178992748,9.262799983844161,2.0,0.1239717555903121,0.0,4,4,5,5,7,8,9,9,9,9,9
GET,/api/recommendations/user_1bc6578cb8d6438d8b00c582bfedbaf2,53,0,3,6.848728306204924,1.984999980777502,65.23259996902198,2.0,0.17758116341314975,0.0,3,4,5,5,8,55,58,65,65,65,65
GET,/api/recommendations/user_1d5be0baebc746f2bf89b61792c44531,45,0,4,4.023417770966059,1.832399982959032,19.674999988637865,2.0,0.1507764595017309,0.0,4,4,4,5,6,6,20,20,20,20,20
GET,/api/recommendations/user_1d674263ecd84ea49359849492a3828f,45,0,3,3.7718555501972637,1.749300048686564,8.847100078128278,2.0,0.1507764595017309,0.0,3,4,5,5,6,7,9,9,9,9,9
GET,/api/recommendations/user_1e91513917444a5999799ade64785841,43,0,4,6.335425569654205,1.9475000444799662,82.96409994363785,2.0,0.14407528352387622,0.0,4,5,5,6,7,8,83,83,83,83,83
GET,/api/recommendations/user_1fcd5dade8db49b0a566c90c6dcb8b44,41,0,4,5.101431712008467,2.016899990849197,22.5499999942258,2.0,0.1373741075460215,0.0,4,5,5,6,7,10,23,23,23,23,23
GET,/api/recommendations/user_2011df9a716e49fda401b4f2b73171fb,56,0,4,5.716442856022955,1.9733000081032515,56.84640002436936,2.0,0.1876329273799318,0.0,4,5,6,6,6,21,28,57,57,57,57
GET,/api/recommendations/user_20a04a3cd4884c92ae1e94ef9b4dffbe,58,0,4,7.614681035569259,2.037100028246641,117.3499000724405,2.0,0.19433410335778653,0.0,4,5,7,7,10,17,55,120,120,120,120
GET,/api/recommendations/user_2187f0ece7c64160a7d93600150a8c0e,51,0,4,5.333519604641433,2.0210000220686197,24.082599906250834,2.0,0.17087998743529503,0.0,4,5,6,6,10,14,17,24,24,24,24
GET,/api/recommendations/user_218bb58fa9834f4882ab82fa53a3dbc9,55,0,4,4.799552740190517,2.2051000269129872,34.94159993715584,2.0,0.18428233939100447,0.0,4,4,5,5,6,14,23,35,35,35,35
GET,/api/recommendations/user_21b142d6130b46638b6d93c0894c18cc,46,0,3,6.1162978223444,1.8791999900713563,109.77400001138449,2.0,0.15412704749065828,0.0,3,4,4,4,7,9,110,110,110,110,110
GET,/api/recommendations/user_21f29c9ba4fa4263a906089255cc2a5c,44,0,4,10.23416363486004,2.128399908542633,96.95659996941686,2.0,0.14742587151280356,0.0,4,5,7,7,19,54,97,97,97,97,97
GET,/api/recommendations/user_24107f070f9146b3b8f01e3a284127b5,45,0,3,3.980926677791609,1.8712999299168587,10.428100009448826,2.0,0.1507764595017309,0.0,3,4,4,5,6,8,10,10,10,10,10
GET,/api/recommendations/user_25d2611685874309b2307d80238696b7,58,0,4,5.973108620623704,2.0046000136062503,81.41850004903972,2.0,0.19433410335778653,0.0,4,5,5,5,7,12,23,81,81,81,81
GET,/api/recommendations/user_26383d7b2c89459fbfcbc1567fc20c3f,45,0,4,5.177171122179264,1.8770000897347927,45.66619999241084,2.0,0.1507764595017309,0.0,4,4,5,6,9,9,46,46,46,46,46
GET,/api/recommendations/user_27010786d6aa4ff7b2ea9e39aca478a5,47,0,4,12.39515531144323,1.7980999546125531,122.03049997333437,2.0,0.15747763547958563,0.0,4,5,6,6,10,100,120,120,120,120,120
GET,/api/recommendations/user_2a07c4addcd6444991fd9782b6f8993c,49,0,3,5.788606113982292,1.8968000076711178,99.63740000966936,2.0,0.16417881145744034,0.0,3,4,4,5,6,8,100,100,100,100,100
GET,/api/recommendations/user_2cc59b2bd42e4d55af35e610e6cfd054,63,0,3,3.9182682577077124,2.0185000030323863,9.294599993154407,2.0,0.21108704330242328,0.0,3,4,5,5,6,7,9,9,9,9,9
GET,/api/recommendations/user_2d36d01f0ac84f64ae5da3685cfa20dd,56,0,4,7.474632152090115,1.9135000184178352,127.91649997234344,2.0,0.1876329273799318,0.0,4,4,5,6,8,9,61,130,130,130,130
GET,/api/recommendations/user_2d5966e6db3348d4ad594a846a4f600c,56,0,4,11.899669638036617,2.299899933859706,390.0052000535652,2.0,0.1876329273799318,0.0,4,4,5,5,7,10,55,390,390,390,390
GET,/api/recommendations/user_305f0ea0e5e64e398da4568655cac07f,49,0,3,5.172497961118969,1.9708999898284674,55.120899924077094,2.0,0.16417881145744034,0.0,3,4,5,6,7,8,55,55,55,55,55
GET,/api/recommendations/user_30986f1309b24548b49aaa558c6cc795,38,0,4,3.893528936283761,2.0048998994752765,8.703799918293953,2.0,0.12732234357923944,0.0,4,4,4,5,6,8,9,9,9,9,9
GET,/api/recommendations/user_30bea778adec494383094e920360f1c7,43,0,4,6.432058129914451,2.0404000533744693,86.52839995920658,2.0,0.14407528352387622,0.0,4,5,5,6,7,15,87,87,87,87,87
GET,/api/recommendations/user_354c0e4cae92454b919d3336e9dfe7fc,51,0,4,6.848513728518989,1.9529999699443579,68.74050002079457,2.0,0.17087998743529503,0.0,4,5,6,6,7,11,62,69,69,69,69
GET,/api/recommendations/user_35cef8f694b84a878292eeaa2657fa51,49,0,4,6.852804077314023,1.978200045414269,100.072699948214,2.0,0.16417881145744034,0.0,4,5,5,7,11,15,100,100,100,100,100
GET,/api/recommendations/user_35fb0e8ff6ed410b93bc05b6849051fa,47,0,4,4.83518936720855,2.0849000429734588,15.97609999589622,2.0,0.15747763547958563,0.0,4,5,6,6,9,11,16,16,16,16,16
GET,/api/recommendations/user_393e97fedb7e466a88a24bdb480dc8ed,42,0,3,7.555214289043631,2.059300080873072,134.44260007236153,2.0,0.14072469553494885,0.0,4,5,6,6,7,12,130,130,130,130,130
GET,/api/recommendations/user_398904c29f5e4b79a6d3aa09ee1be3ce,46,0,4,6.101652182658891,2.166799968108535,99.75320007652044,2.0,0.15412704749065828,0.0,4,4,5,5,6,8,100,100,100,100,100
GET,/api/recommendations/user_3a3ee96eb9e74e06bf532cbbcf1f1e1d,52,0,3,4.679375001265166,2.1748000290244818,21.964000072330236,2.0,0.1742305754242224,0.0,4,4,5,6,7,14,16,22,22,22,22
GET,/api/recommendations/user_3b0a79c64fc34c1fb1ed84ae98721e71,43,0,4,5.015486047256651,2.3113000206649303,22.94409996829927,2.0,0.14407528352387622,0.0,4,5,5,6,7,10,23,23,23,23,23
GET,/api/recommendations/user_3b66b269d29544afbd0663c1ae246a5a,48,0,4,7.910316659642073,1.8267000559717417,82.48749992344528,2.0,0.16082822346851297,0.0,4,4,5,6,15,20,82,82,82,82,82
GET,/api/recommendations/user_3f93b6966a5a4534ba635806553911c2,46,0,3,4.2826304409612455,1.8153999699279666,16.700400039553642,2.0,0.15412704749065828,0.0,3,4,4,5,9,9,17,17,17,17,17
GET,/api/recommendations/user_407876ef57f94f3d894af045dbe306fb,45,0,4,6.957631105453604,1.8298999639227986,96.7483000131324,2.0,0.1507764595017309,0.0,4,5,6,7,10,20,97,97,97,97,97
GET,/api/recommendations/user_409ca5c739064ee2b23d40c45d52f5eb,53,0,4,9.09244717002126,2.1025999449193478,249.5741999009624,2.0,0.17758116341314975,0.0,4,5,5,6,8,10,10,250,250,250,250
GET,/api/recommendations/user_41478f198cad480e8d4347a782abd5ba,46,0,3,6.11055870388594,2.080500009469688,51.15220008883625,2.0,0.15412704749065828,0.0,3,4,5,6,9,21,51,51,51,51,51
GET,/api/recommendations/user_4179afab24a54a569aadad86635a99b2,51,0,3,5.908627435108464,1.969299977645278,67.2218999825418,2.0,0.17087998743529503,0.0,3,4,5,5,6,9,50,67,67,67,67
GET,/api/recommendations/user_44d5ed9b0c9b4da49c5dee154ee3b381,33,0,3,3.608260610648854,1.7943999264389277,13.813700061291456,2.0,0.11056940363460267,0.0,3,4,4,4,4,5,14,14,14,14,14
GET,/api/recommendations/user_451fbecb26e54d7bbb00bc82e2fec0a0,50,0,3,6.250665995758027,1.7758000176399946,61.69290002435446,2.0,0.1675293994463677,0.0,4,5,6,6,10,16,62,62,62,62,62
GET,/api/recommendations/user_4546e6b449db4d5094635d04a33dbcff,49,0,4,7.27638979062286,1.9511999562382698,90.16609995160252,2.0,0.16417881145744034,0.0,4,5,5,6,8,9,90,90,90,90,90
GET,/api/recommendations/user_45d6521240934559ba56062bb39e8420,60,0,3,5.9744883386883885,1.9015000434592366,65.52140007261187,2.0,0.20103527933564122,0.0,3,4,6,6,12,20,26,66,66,66,66
GET,/api/recommendations/user_45e320ed7b7e466c945a571928daed16,38,0,3,4.015465781680848,1.664099982008338,12.907999916933477,2.0,0.12732234357923944,0.0,3,4,4,5,6,9,13,13,13,13,13
GET,/api/recommendations/user_467807b8bf0e4f2999d419c2190103be,35,0,4,5.141531433244901,2.2545999381691217,28.142299968749285,2.0,0.11727057961245738,0.0,4,4,7,7,8,15,28,28,28,28,28
GET,/api/recommendations/user_469abd29cda94817a3a3c67a895081e6,43,0,3,3.5432418754194366,1.8601000774651766,5.906400037929416,2.0,0.14407528352387622,0.0,3,4,5,5,5,6,6,6,6,6,6
GET,/api/recommendations/user_48b179c5e51843f98243522976563b7e,56,0,3,5.4786982135348286,1.9118000054731965,80.04240004811436,2.0,0.1876329273799318,0.0,4,4,5,6,8,8,11,80,80,80,80
GET,/api/recommendations/user_4925843a5875490f88c4706a8b46ab24,47,0,3,5.415440428050909,1.84299994725734,75.50849998369813,2.0,0.15747763547958563,0.0,3,4,5,6,7,7,76,76,76,76,76
GET,/api/recommendations/user_4a3d962e4edc4bc29e2c813acf6920ce,53,0,4,4.196603778081964,2.177600050345063,14.801600016653538,2.0,0.17758116341314975,0.0,4,4,5,5,6,8,9,15,15,15,15
GET,/api/recommendations/user_4c4132796a244cb1aa97855411ded308,52,0,4,5.0696038412682425,1.8842000281438231,19.076399970799685,2.0,0.1742305754242224,0.0,4,5,5,6,8,16,17,19,19,19,19
GET,/api/recommendations/user_4d1c6f3ef4134773aea8a71eb80d8487,51,0,4,8.761386272917484,1.9965000683441758,76.5049000037834,2.0,0.17087998743529503,0.0,4,4,5,6,13,52,68,77,77,77,77
GET,/api/recommendations/user_4d4ba95e5e7c4cf3b44b34d640557a45,50,0,4,4.193751998245716,1.921999966725707,12.17750005889684,2.0,0.1675293994463677,0.0,4,5,5,5,6,7,12,12,12,12,12
GET,/api/recommendations/user_4f86b225c56f4454abb9ff065196b88d,54,0,3,6.155661106782241,1.7605000175535679,94.68929993454367,2.0,0.1809317514020771,0.0,3,4,5,6,8,14,21,95,95,95,95
GET,/api/recommendations/user_4fc432338dd44964b43ebfd1ee8ece90,43,0,3,5.632106991766324,1.7950000474229455,35.77069996390492,2.0,0.14407528352387622,0.0,3,4,5,6,9,18,36,36,36,36,36
GET,/api/recommendations/user_4ff3391f602d4277afc27d2393508a06,57,0,4,5.078749124597954,2.070999937132001,26.482800021767616,2.0,0.19098351536885916,0.0,4,5,5,6,7,16,24,26,26,26,26
GET,/api/recommendations/user_5051d5742d3a4fef922858d425e5157a,51,0,3,3.9924176332230368,1.7662999453023076,11.78760000038892,2.0,0.17087998743529503,0.0,3,4,5,5,7,7,11,12,12,12,12
GET,/api/recommendations/user_51d15035ea0740b5958d30ddab4c4cbf,50,0,4,6.955415995325893,2.4077000562101603,71.12109998706728,2.0,0.1675293994463677,0.0,4,5,5,7,9,22,71,71,71,71,71
GET,/api/recommendations/user_52fcc3d88dac43129ccf84f1fdc12463,57,0,4,4.036029833450652,1.920199953019619,11.084600002504885,2.0,0.19098351536885916,0.0,4,4,5,5,6,8,8,11,11,11,11
GET,/api/recommendations/user_5424a54981514eadad29cee1f00d6960,50,0,4,6.634050002321601,1.8906999612227082,74.70910006668419,2.0,0.1675293994463677,0.0,4,5,6,6,9,16,75,75,75,75,75
GET,/api/recommendations/user_5524eb469fee4912b221bac32628a26d,47,0,3,5.295674477584977,2.1505000768229365,47.909899963997304,2.0,0.15747763547958563,0.0,3,5,5,6,9,11,48,48,48,48,48
GET,/api/recommendations/user_5e7488cce0374d3da779e2b4257d4f4e,59,0,4,4.511930508207593,1.839500037021935,28.2642999663949,2.0,0.19768469134671388,0.0,4,4,4,5,6,9,18,28,28,28,28
GET,/api/recommendations/user_61257183a6284112ac7560807fd4f8fa,48,0,3,9.984235405378664,1.879999996162951,181.11579993274063,2.0,0.16082822346851297,0.0,3,5,6,6,8,19,180,180,180,180,180
GET,/api/recommendations/user_6126831bc66840ed852550d67e7c11be,61,0,4,6.322975390682333,1.7452000174671412,66.03310001082718,2.0,0.20438586732456857,0.0,4,5,5,6,7,14,58,66,66,66,66
GET,/api/recommendations/user_6264bdc5d2bb4a539809820093a4fe10,50,0,3,3.7632400053553283,1.971099991351366,10.822199983522296,2.0,0.1675293994463677,0.0,3,4,4,6,7,7,11,11,11,11,11
GET,/api/recommendations/user_630595e525cb4a67bab3f94e6ac95f4b,43,0,3,4.153348841206279,1.7816999461501837,15.089499996975064,2.0,0.14407528352387622,0.0,3,4,5,5,7,8,15,15,15,15,15
GET,/api/recommendations/user_66a6a55697bd4e7e93a8aa7ac41b8a83,49,0,4,5.302536731338774,2.217100001871586,46.24939989298582,2.0,0.16417881145744034,0.0,4,5,5,6,7,10,46,46,46,46,46
GET,/api/recommendations/user_6b51431fc2a842bc867c974ccb2f1e91,45,0,4,11.141700010436276,1.9335000542923808,209.10530001856387,2.0,0.1507764595017309,0.0,4,4,4,5,7,26,210,210,210,210,210
GET,/api/recommendations/user_6b88a6c339d24820bfb5663c05f5c3f6,41,0,4,8.121065846530765,1.8758000805974007,57.566900039091706,2.0,0.1373741075460215,0.0,4,5,6,7,14,36,58,58,58,58,58
GET,/api/recommendations/user_6fa5f4cdaaf243c58cd43580a7189e04,58,0,3,6.994194828840936,1.8788999877870083,65.53969997912645,2.0,0.19433410335778653,0.0,3,5,5,6,9,52,65,66,66,66,66
GET,/api/recommendations/user_72735a3f6fa948c4862b8adcdb35e816,50,0,4,6.367176005151123,1.8630999838933349,80.8253000723198,2.0,0.1675293994463677,0.0,4,5,6,7,8,10,81,81,81,81,81
GET,/api/recommendations/user_7278f6e649f344f59611ef76917690c9,56,0,4,5.350137491145039,1.7814000602811575,43.42280002310872,2.0,0.1876329273799318,0.0,4,4,5,5,8,15,33,43,43,43,43
GET,/api/recommendations/user_73b3d0c4245c4f819ff0afe7a4582309,47,0,3,4.47251064148038,2.1961999591439962,35.42490000836551,2.0,0.15747763547958563,0.0,3,4,5,5,6,8,35,35,35,35,35
GET,/api/recommendations/user_77916776905b473f89dc9af233722fb1,51,0,3,6.098833334559173,1.9277000101283193,48.92430000472814,2.0,0.17087998743529503,0.0,3,4,5,6,10,28,39,49,49,49,49
GET,/api/recommendations/user_7948e84dcafd4ca2ae37df1a97306484,49,0,3,4.92586326376744,1.9051999552175403,19.10979999229312,2.0,0.16417881145744034,0.0,3,4,6,6,10,17,19,19,19,19,19
GET,/api/recommendations/user_7967812014404e6399e4c52a4ee8e65b,55,0,4,8.379752728664739,1.8566999351605773,181.48450006265193,2.0,0.18428233939100447,0.0,4,5,6,7,8,18,31,180,180,180,180
GET,/api/recommendations/user_7d45b77fe58c43288c2cc45019cff8e1,41,0,4,6.185675602088251,1.9645999418571591,44.763099984265864,2.0,0.1373741075460215,0.0,4,5,5,6,8,13,45,45,45,45,45
GET,/api/recommendations/user_7d7cdb0f392f4c52bc43f4f5df61688e,31,0,3,4.106980650835941,1.818199991248548,10.698099969886243,2.0,0.10386822765674797,0.0,3,4,5,5,7,10,11,11,11,11,11
GET,/api/recommendations/user_7e015f4fbd2d4b83a98bc06de1c26e0b,61,0,3,3.8779311523330016,1.787999994121492,14.518699957989156,2.0,0.20438586732456857,0.0,3,4,5,5,6,8,11,15,15,15,15
GET,/api/recommendations/user_7e8c8534512143b1b159ae4718daf7d2,47,0,4,6.082434043724169,1.9691999768838286,95.53470008540899,2.0,0.15747763547958563,0.0,4,4,4,5,6,12,96,96,96,96,96
GET,/api/recommendations/user_7f491b88148549ee94793989bc4b9e63,52,0,3,5.123884609649674,1.7980000702664256,63.13899997621775,2.0,0.1742305754242224,0.0,3,4,5,5,7,8,13,63,63,63,63
GET,/api/recommendations/user_7f8e5c78a1654c59898676eee3818f43,45,0,3,4.708606656640768,1.7287000082433224,39.00929994415492,2.0,0.1507764595017309,0.0,3,4,5,5,7,9,39,39,39,39,39
GET,/api/recommendations/user_8126aa744082479183861e44d65dc383,50,0,5,7.930330003146082,1.9940000493079424,83.26440001837909,2.0,0.1675293994463677,0.0,5,5,6,7,7,27,83,83,83,83,83
GET,/api/recommendations/user_8214ff86b8a14a8299758d93a293fe94,48,0,4,4.345812495254601,1.7861999804154038,13.582999934442341,2.0,0.16082822346851297,0.0,4,4,5,5,8,11,14,14,14,14,14
GET,/api/recommendations/user_85647c29808c491e91829db9dea5d23a,44,0,4,4.659652268111875,1.931500039063394,16.345400013960898,2.0,0.14742587151280356,0.0,4,4,5,5,8,13,16,16,16,16,16
GET,/api/recommendations/user_85c51c5087b24fbab8034cc6ce899c17,48,0,4,5.162331244112768,1.9540999783203006,50.804900005459785,2.0,0.16082822346851297,0.0,4,4,5,5,7,12,51,51,51,51,51
GET,/api/recommendations/user_8627097ed8ff44c2900993c3e0ca4e83,45,0,3,4.033895550916593,1.6334999818354845,14.798099990002811,2.0,0.1507764595017309,0.0,3,4,5,5,6,8,15,15,15,15,15
GET,/api/recommendations/user_8a6575e151b74a2bbeea1c2a159e9aa8,48,0,4,4.546779171505477,2.1560000022873282,15.058099990710616,2.0,0.16082822346851297,0.0,4,5,5,6,7,12,15,15,15,15,15
GET,/api/recommendations/user_8b7411178a884954884436989d1a7313,38,0,4,5.834907893777678,1.9725000020116568,50.78930000308901,2.0,0.12732234357923944,0.0,4,4,4,5,6,37,51,51,51,51,51
GET,/api/recommendations/user_8c1488b368d84fe385275e5af3063b3d,43,0,4,6.406465112123379,1.717100036330521,51.99800000991672,2.0,0.14407528352387622,0.0,4,5,6,7,7,23,52,52,52,52,52
GET,/api/recommendations/user_8cc68d956db341df942abd629664bf00,39,0,4,3.81128204604372,2.082300023175776,7.396499975584447,2.0,0.13067293156816678,0.0,4,4,4,4,5,6,7,7,7,7,7
GET,/api/recommendations/user_8dfc3799b61447cfa90dfa9fe648f4ab,56,0,3,7.418403570357311,1.847199979238212,104.1863999562338,2.0,0.1876329273799318,0.0,3,5,5,6,9,19,76,100,100,100,100
GET,/api/recommendations/user_92baf0e9732a471cb98caf60542aaa21,47,0,4,6.229580845683813,1.8214000156149268,97.8021000046283,2.0,0.15747763547958563,0.0,4,5,5,6,7,9,98,98,98,98,98
GET,/api/recommendations/user_940a422e2ce94f969b53b28c0bd20146,51,0,4,5.971721567523976,1.7603000160306692,69.17689996771514,2.0,0.17087998743529503,0.0,4,5,6,6,8,18,18,69,69,69,69
GET,/api/recommendations/user_94372474497a4456b93a32fef97cea14,43,0,4,7.760874418065298,1.8288999563083053,104.53930008225143,2.0,0.14407528352387622,0.0,4,5,5,6,12,22,100,100,100,100,100
GET,/api/recommendations/user_94a4586be8b34cb7ad5f292635f13b54,44,0,4,8.382736348060213,1.7671999521553516,81.65219996590167,2.0,0.14742587151280356,0.0,4,5,6,6,11,43,82,82,82,82,82
GET,/api/recommendations/user_94db05f63186498589973af7641318c5,51,0,4,10.067386283338362,1.9358000718057156,158.0670999828726,2.0,0.17087998743529503,0.0,4,6,6,7,16,21,84,160,160,160,160
GET,/api/recommendations/user_9535ef164a1e4aa3a73865225ab0542a,51,0,4,5.67783921153522,2.191700041294098,52.65069997403771,2.0,0.17087998743529503,0.0,4,5,5,6,7,10,20,53,53,53,53
GET,/api/recommendations/user_96b052f59808414d90f4ef6cfc6e02c3,59,0,4,6.985376267378235,2.006600028835237,71.5160999679938,2.0,0.19768469134671388,0.0,4,5,6,8,9,18,69,72,72,72,72
GET,/api/recommendations/user_976507a7f61e423287361280a7c6f12c,46,0,4,6.931134775463168,2.28780007455498,120.45019993092865,2.0,0.15412704749065828,0.0,4,4,4,5,6,16,120,120,120,120,120
GET,/api/recommendations/user_977c279b010a48d78189cb9ba258dff3,51,0,4,5.974790190949159,2.3059999803081155,85.0142000708729,2.0,0.17087998743529503,0.0,4,4,5,5,8,11,19,85,85,85,85
GET,/api/recommendations/user_98a5b969c829491d94e7b7015b06deea,54,0,4,7.344261107155709,1.702000037766993,95.22999997716397,2.0,0.1809317514020771,0.0,4,4,5,5,7,14,87,95,95,95,95
GET,/api/recommendations/user_9a7f24d843ce4528a0c8862e7f75b8f8,43,0,4,4.913751165880713,1.9008000381290913,28.420899994671345,2.0,0.14407528352387622,0.0,4,5,5,5,7,9,28,28,28,28,28
GET,/api/recommendations/user_9acf62745f434c669df2d97a6c468516,56,0,5,7.239633927903404,1.88920006621629,76.51840010657907,2.0,0.1876329273799318,0.0,5,5,6,6,8,18,71,77,77,77,77
GET,/api/recommendations/user_9b9cd14e0211467f903b407acdf42eb3,52,0,4,4.905959618134568,2.024899935349822,20.179999992251396,2.0,0.1742305754242224,0.0,4,5,6,6,8,12,12,20,20,20,20
GET,/api/recommendations/user_9d8a48f80fe646d3a09681c75acd85cb,54,0,4,4.997581484969015,1.7996999667957425,49.41529990173876,2.0,0.1809317514020771,0.0,4,5,5,6,7,7,10,49,49,49,49
GET,/api/recommendations/user_9e72e10f79e14805bdfddfdb91d136c4,40,0,4,4.296045008231886,1.6687000170350075,13.335800031200051,2.0,0.13402351955709416,0.0,4,5,5,6,7,9,13,13,13,13,13
GET,/api/recommendations/user_9fe3c8ea494b4bb49a9d4b1a9259a9c8,41,0,4,6.527339014588151,2.262099995277822,52.43150005117059,2.0,0.1373741075460215,0.0,4,5,6,6,9,21,52,52,52,52,52
GET,/api/recommendations/user_a0222a3bdcc3449d8c4874bde40718db,55,0,4,6.201978186568753,2.147400053218007,99.51810003258288,2.0,0.18428233939100447,0.0,4,5,5,6,8,11,15,100,100,100,100
GET,/api/recommendations/user_a1b17a6a7d3c4130894d252d6a3832b6,48,0,4,5.582587495155167,2.1963000763207674,45.219299965538085,2.0,0.16082822346851297,0.0,4,5,5,5,8,13,45,45,45,45,45
GET,/api/recommendations/user_a1b8ceddceb644ca83ba919e63fb4794,55,0,4,4.561025452461433,1.8857000395655632,24.13949999026954,2.0,0.18428233939100447,0.0,4,4,5,5,6,13,16,24,24,24,24
GET,/api/recommendations/user_a1d3bf641b1b4b21a5a9b11844347471,37,0,3,6.800245953019004,2.4017000105232,121.0885999025777,2.0,0.1239717555903121,0.0,3,4,4,4,6,10,120,120,120,120,120
GET,/api/recommendations/user_a52402d6b38448379af083060505a8c1,47,0,4,5.439878723762454,1.8859999254345894,35.998999956063926,2.0,0.15747763547958563,0.0,4,5,6,6,9,11,36,36,36,36,36
GET,/api/recommendations/user_a5732c122f154c3d983175bda6d4879c,46,0,3,8.599480429320069,1.8709000432863832,68.82029992993921,2.0,0.15412704749065828,0.0,3,5,5,6,15,59,69,69,69,69,69
GET,/api/recommendations/user_a5a1843ed4be4945ae06aa6a65974edf,52,0,3,6.571303831431298,1.8242999212816358,76.71159994788468,2.0,0.1742305754242224,0.0,3,4,5,5,7,20,60,77,77,77,77
GET,/api/recommendations/user_a898691dcff145adb6c4dbf34ec5e488,53,0,3,4.559796226632623,1.7713999841362238,23.03180005401373,2.0,0.17758116341314975,0.0,3,4,5,5,7,11,13,23,23,23,23
GET,/api/recommendations/user_a9a0a66d915f4e5790051d467139707e,39,0,4,9.656376933726746,2.2782000014558434,132.66660005319864,2.0,0.13067293156816678,0.0,4,6,7,9,11,43,130,130,130,130,130
GET,/api/recommendations/user_a9cc5f582cc84a67aa54d4f73f009348,56,0,4,4.461798211975422,1.8505000043660402,13.466499978676438,2.0,0.1876329273799318,0.0,4,4,5,5,7,11,12,13,13,13,13
GET,/api/recommendations/user_aa57a2b160e4476c9989babd9f83ecfe,63,0,4,6.04748889796495,1.9963999511674047,48.08900004718453,2.0,0.21108704330242328,0.0,4,5,6,7,9,14,48,48,48,48,48
GET,/api/recommendations/user_aa9cb38f1d474e16a73e378ab5ebac3b,40,0,3,8.528327499516308,1.943000010214746,88.06890004780143,2.0,0.13402351955709416,0.0,4,4,5,6,14,65,88,88,88,88,88
GET,/api/recommendations/user_ab01e2fa6c29497bbf66d812485dafef,40,0,4,5.561602508532815,1.6124999383464456,28.30300002824515,2.0,0.13402351955709416,0.0,4,5,5,6,10,23,28,28,28,28,28
GET,/api/recommendations/user_ad00e621ca304f9694b55f8c0f4e9baa,44,0,3,7.117302281337536,2.0703000482171774,94.70959997270256,2.0,0.14742587151280356,0.0,3,4,5,5,7,8,95,95,95,95,95
GET,/api/recommendations/user_ada3c769fd9e4279b85b0480f141d780,52,0,3,3.748467303991604,2.079300000332296,8.029300021007657,2.0,0.1742305754242224,0.0,4,4,4,5,6,7,8,8,8,8,8
GET,/api/recommendations/user_add102adf35a4037baa353accc1b24c3,32,0,4,7.364615630649496,1.7853999743238091,70.96010004170239,2.0,0.10721881564567531,0.0,4,5,5,6,6,50,71,71,71,71,71
GET,/api/recommendations/user_aec795db78ff476e9cec93835d6b56b9,41,0,4,8.31923903272737,2.049400005489588,85.36919998005033,2.0,0.1373741075460215,0.0,4,5,7,8,12,22,85,85,85,85,85
GET,/api/recommendations/user_afbfdc18758b45d79505a44b558aca2d,56,0,4,6.688694642174856,2.168099978007376,121.05549999978393,2.0,0.1876329273799318,0.0,4,4,5,6,8,14,18,120,120,120,120
GET,/api/recommendations/user_b1635e369c1745a0ab9fb5b4e6961c53,51,0,3,5.584074517565907,1.8000999698415399,52.50650004018098,2.0,0.17087998743529503,0.0,3,4,5,5,6,10,52,53,53,53,53
GET,/api/recommendations/user_b2af1db9fbea458296936b4d0a48b1f2,52,0,4,6.874328839610546,2.018700004555285,96.62809991277754,2.0,0.1742305754242224,0.0,4,5,5,6,15,17,17,97,97,97,97
GET,/api/recommendations/user_b31e8f45c09f4296b627df24a479b823,52,0,3,3.8468923124198158,1.8754000775516033,8.264800067991018,2.0,0.1742305754242224,0.0,4,4,5,5,6,7,8,8,8,8,8
GET,/api/recommendations/user_b390828379e84b04a9c808840fae234c,58,0,4,7.898298280859558,1.8987000221386552,102.44599997531623,2.0,0.19433410335778653,0.0,4,5,5,7,10,12,99,100,100,100,100
GET,/api/recommendations/user_b3a8751c099d428b91190509801038c3,55,0,4,4.782736356454817,1.9109999993816018,29.687399975955486,2.0,0.18428233939100447,0.0,4,5,6,6,7,9,10,30,30,30,30
GET,/api/recommendations/user_b3c90adb2294444781340d4ca636fb5e,53,0,3,5.111179255247819,1.9151000306010246,45.374699984677136,2.0,0.17758116341314975,0.0,3,4,4,5,6,11,36,45,45,45,45
GET,/api/recommendations/user_b57b422167264891929ee2ac4ccd4664,52,0,4,4.4683519204577005,1.8205000087618828,22.813199902884662,2.0,0.1742305754242224,0.0,4,4,5,5,6,11,18,23,23,23,23
GET,/api/recommendations/user_b5cd1b2eec974a16b07518a34f52f36e,60,0,4,4.708253334198768,1.967300078831613,16.227499931119382,2.0,0.20103527933564122,0.0,4,4,5,6,9,12,15,16,16,16,16
GET,/api/recommendations/user_b67dc5561ae44e0b8fde2fc1de3125db,45,0,4,4.567357783930169,1.927900011651218,16.3840000750497,2.0,0.1507764595017309,0.0,4,5,5,6,7,8,16,16,16,16,16
GET,/api/recommendations/user_b714cae3eb8247679a0e1a57e30c2ce3,54,0,4,7.0354148197953625,1.7804999370127916,55.54069997742772,2.0,0.1809317514020771,0.0,4,5,6,7,14,20,49,56,56,56,56
GET,/api/recommendations/user_baf0f07dd6ea4598b2c3ec7650a0c265,53,0,3,4.012418862537674,1.9076000899076462,26.201099972240627,2.0,0.17758116341314975,0.0,3,4,4,4,5,6,8,26,26,26,26
GET,/api/recommendations/user_bb12b55a17e64875875882fc936f3928,36,0,4,7.98893056020865,1.9220999674871564,67.77319998946041,2.0,0.12062116760138474,0.0,4,4,6,6,17,56,68,68,68,68,68
GET,/api/recommendations/user_bcdf08d020a94a73802fdc633ccb426f,48,0,4,4.882991651053696,1.8776999786496162,32.81469992361963,2.0,0.16082822346851297,0.0,4,5,5,5,7,13,33,33,33,33,33
GET,/api/recommendations/user_bec302c78c044b8fb60feb2336996d62,49,0,4,5.65898775750277,1.7350000562146306,58.8684999383986,2.0,0.16417881145744034,0.0,4,5,6,6,8,10,59,59,59,59,59
GET,/api/recommendations/user_bf184f58b572416793664d581a7cfe88,47,0,4,6.449887246646463,1.8876999383792281,106.59109998960048,2.0,0.15747763547958563,0.0,4,4,5,5,9,11,110,110,110,110,110
GET,/api/recommendations/user_c0dd9673464f41cf9e8f2bb056bc6960,52,0,4,5.565471154673455,2.0894999615848064,66.69730006251484,2.0,0.1742305754242224,0.0,4,5,5,5,7,10,12,67,67,67,67
GET,/api/recommendations/user_c22391481b494c95af92f33a8397bfb5,50,0,4,6.178251993842423,1.9024000503122807,86.67670004069805,2.0,0.1675293994463677,0.0,4,5,5,6,10,15,87,87,87,87,87
GET,/api/recommendations/user_c7f47fa7002543ddb0ad82bf58dc3a60,49,0,4,4.797714287225081,1.820300007238984,19.941700040362775,2.0,0.16417881145744034,0.0,4,4,5,6,9,10,20,20,20,20,20
GET,/api/recommendations/user_c8bd5b5238a343caa724fb9e56c32d48,50,0,4,6.513954002875835,1.9306999165564775,65.18089992459863,2.0,0.1675293994463677,0.0,4,5,5,6,8,22,65,65,65,65,65
GET,/api/recommendations/user_ca62d1d661e748d28e331f5e2bf4af8e,50,0,4,6.6372799896635115,1.9731000065803528,109.79309992399067,2.0,0.1675293994463677,0.0,4,4,5,6,9,9,110,110,110,110,110
GET,/api/recommendations/user_cbf6c776d98445b0bfb99eb6d03ffde6,55,0,3,5.544681825929067,1.8165999790653586,104.68620003666729,2.0,0.18428233939100447,0.0,3,4,4,5,6,7,15,100,100,100,100
GET,/api/recommendations/user_ccf3c547687e4184a4e12e8f8b20f2ee,52,0,4,5.213386533656516,2.167199971154332,55.461399955675006,2.0,0.1742305754242224,0.0,4,4,5,5,7,10,12,55,55,55,55
GET,/api/recommendations/user_cef02e4aea7a4e85b8c0244ffd040695,52,0,4,5.068828844322035,1.8820000113919377,45.04500003531575,2.0,0.1742305754242224,0.0,4,5,5,6,6,11,15,45,45,45,45
GET,/api/recommendations/user_d07b3c76d76d4d0682f72b59add1cc9a,42,0,4,4.459707138483369,2.011900069192052,9.766199975274503,2.0,0.14072469553494885,0.0,4,5,5,6,8,9,10,10,10,10,10
GET,/api/recommendations/user_d08ac75754e84813b86acefb79d77de0,48,0,4,6.161218749184627,2.0301000913605094,112.99990001134574,2.0,0.16082822346851297,0.0,4,4,5,5,6,7,110,110,110,110,110
GET,/api/recommendations/user_d138ee2941ba4e0bb18baef0e8fcb412,56,0,3,4.4125339398825805,1.7003000248223543,22.9311001021415,2.0,0.1876329273799318,0.0,3,4,5,5,7,8,17,23,23,23,23
GET,/api/recommendations/user_d1623fb2b45c4eb4b8cff4013dc4b4b7,55,0,4,4.737527259964157,1.6766999615356326,14.354999992065132,2.0,0.18428233939100447,0.0,4,5,6,7,9,10,13,14,14,14,14
GET,/api/recommendations/user_d2cbedd02aa4417d856ffc6eafa79e13,45,0,4,5.84081779492812,2.1524999756366014,37.26339992135763,2.0,0.1507764595017309,0.0,4,4,5,6,10,23,37,37,37,37,37
GET,/api/recommendations/user_d2fa57c901804a6cbf4a22e922faa17c,43,0,4,6.032855810359294,1.9144999096170068,84.613399929367,2.0,0.14407528352387622,0.0,4,4,5,5,7,8,85,85,85,85,85
GET,/api/recommendations/user_d2fb257bd9824f188f440885173b8dff,46,0,4,5.664582594561026,2.0695000421255827,50.81179994158447,2.0,0.15412704749065828,0.0,4,5,5,6,8,10,51,51,51,51,51
GET,/api/recommendations/user_d4846a4b33a84905865533bd12b6ac71,57,0,4,6.0093175505467675,1.769999973475933,85.91699996031821,2.0,0.19098351536885916,0.0,4,4,5,6,8,10,25,86,86,86,86
GET,/api/recommendations/user_d4d276e79d1e44eb8849699ec1390e6d,53,0,3,6.1417547195165785,1.8517000135034323,61.59380008466542,2.0,0.17758116341314975,0.0,3,4,5,5,7,18,61,62,62,62,62
GET,/api/recommendations/user_d62fc8466d8248e8872ad0cf8398af06,55,0,3,4.592594546689228,1.8662000074982643,28.707799967378378,2.0,0.18428233939100447,0.0,3,4,5,5,8,9,21,29,29,29,29
GET,/api/recommendations/user_d67061a9d95544de89d1d18d9c87d7bd,52,0,4,12.301740368666987,1.8733999459072948,390.4637999366969,2.0,0.1742305754242224,0.0,4,5,5,5,7,11,37,390,390,390,390
GET,/api/recommendations/user_dabfdd8fecff49629c30f9c6fcf2a903,51,0,4,6.097647060147104,2.0134999649599195,56.971300044097006,2.0,0.17087998743529503,0.0,4,5,6,6,9,16,24,57,57,57,57
GET,/api/recommendations/user_db3f06275d0640c18c2f88335019d689,47,0,4,4.326621258750241,1.9184000557288527,11.948199942708015,2.0,0.15747763547958563,0.0,4,5,5,6,7,8,12,12,12,12,12
GET,/api/recommendations/user_dbd67097ad7942e7916c8fd2170f38d8,49,0,4,6.727818359278751,2.287600073032081,82.18329993542284,2.0,0.16417881145744034,0.0,4,4,4,5,7,10,82,82,82,82,82
GET,/api/recommendations/user_dbfd3b9c649249529aa02e5d9efac91b,54,0,4,5.041720373642251,1.7398000927641988,50.74809992220253,2.0,0.1809317514020771,0.0,4,4,5,5,7,9,9,51,51,51,51
GET,/api/recommendations/user_dcc64714796b46f5b0827be0d27c463d,46,0,3,5.172310867751746,1.8535999115556479,58.7438999209553,2.0,0.15412704749065828,0.0,3,4,5,5,7,8,59,59,59,59,59
GET,/api/recommendations/user_ded4ca252d4d4942b0932d8f85a98270,52,0,4,5.422515396136218,2.0446000853553414,54.98050001915544,2.0,0.1742305754242224,0.0,4,5,5,6,7,11,21,55,55,55,55
GET,/api/recommendations/user_e24c6d2f9b094177973c916308d26f07,46,0,3,5.751321735063001,1.8003999721258879,75.41699998546392,2.0,0.15412704749065828,0.0,4,4,5,5,7,9,75,75,75,75,75
GET,/api/recommendations/user_e454f3e0d7b74138aa4c40c45bb24266,48,0,3,3.8734895812619166,1.976699917577207,8.219400071538985,2.0,0.16082822346851297,0.0,4,4,5,5,5,6,8,8,8,8,8
GET,/api/recommendations/user_e671163a44014bd08fca03e833019ddf,47,0,4,7.924029779461946,1.7772000283002853,100.19409994129092,2.0,0.15747763547958563,0.0,4,5,5,5,9,20,100,100,100,100,100
GET,/api/recommendations/user_e7bbc962521746e38c2bbb19198bb890,52,0,4,4.419340375954142,1.8573999404907227,23.95340008661151,2.0,0.1742305754242224,0.0,4,4,5,6,7,8,10,24,24,24,24
GET,/api/recommendations/user_e7ee77fadf9d43b595c7d6d9d0b485bf,50,0,3,3.955469992943108,2.182000083848834,9.516100049950182,2.0,0.1675293994463677,0.0,3,4,4,5,7,7,10,10,10,10,10
GET,/api/recommendations/user_e8c8aa0383284df5a23b1548784b5420,60,0,4,6.431931670522317,2.008100040256977,103.52809994947165,2.0,0.20103527933564122,0.0,4,5,6,6,9,13,19,100,100,100,100
GET,/api/recommendations/user_ec07f912ef0e487ababd53eaf68d67ce,42,0,4,4.999988091488679,2.087899949401617,44.83739996794611,2.0,0.14072469553494885,0.0,4,4,5,5,7,8,45,45,45,45,45
GET,/api/recommendations/user_ec51060ed5a54e71950ccc02a03c8c0e,49,0,4,6.127720406488041,1.8705000402405858,76.31340005900711,2.0,0.16417881145744034,0.0,4,4,6,6,8,16,76,76,76,76,76
GET,/api/recommendations/user_ee9f60e8d2e245e7a038904bb75b4513,51,0,4,6.512909805785646,2.0059000235050917,98.37749996222556,2.0,0.17087998743529503,0.0,4,4,6,6,8,12,25,98,98,98,98
GET,/api/recommendations/user_eff2970407134539b72e6a3a9e47b44a,53,0,4,16.230605656878566,1.9694999791681767,567.541699972935,2.0,0.17758116341314975,0.0,4,4,5,6,8,13,74,570,570,570,570
GET,/api/recommendations/user_f0f4fea2a5744db9ba07eced9cee5e17,49,0,3,5.481685711336987,2.1184999495744705,43.45709993503988,2.0,0.16417881145744034,0.0,3,4,5,5,8,12,43,43,43,43,43
GET,/api/recommendations/user_f18ea5afb74643fa9970fb0b141fb13d,48,0,4,6.668247925214625,2.1225999807938933,55.02109997905791,2.0,0.16082822346851297,0.0,5,5,6,6,8,12,55,55,55,55,55
GET,/api/recommendations/user_f1f123e382334fd9b8545bb357cc4076,48,0,4,5.910575004236307,1.7376000760123134,85.39680007379502,2.0,0.16082822346851297,0.0,4,4,5,5,8,13,85,85,85,85,85
GET,/api/recommendations/user_f7e40be7dae9480789bc42912969bbbb,44,0,4,4.518106812611222,1.9095001043751836,17.09620002657175,2.0,0.14742587151280356,0.0,4,5,5,6,6,13,17,17,17,17,17
GET,/api/recommendations/user_f8794d7018f7432092c1147d2acfc595,40,0,4,6.009794992860407,2.069000038318336,58.12910001259297,2.0,0.13402351955709416,0.0,4,4,5,5,7,30,58,58,58,58,58
GET,/api/recommendations/user_fa2a791bcc4745efa89f05d74247b539,49,0,4,4.413261220847466,1.7748000100255013,12.95789994765073,2.0,0.16417881145744034,0.0,4,5,5,6,8,9,13,13,13,13,13
GET,/api/recommendations/user_fc1d423082a7430a8f4a10420de50265,59,0,4,6.856242378273884,2.0605999743565917,125.45739999040961,2.0,0.19768469134671388,0.0,4,4,5,5,7,10,40,130,130,130,130
GET,/api/recommendations/user_fca2bf451fea4cd8bf97cd21831254c5,44,0,3,5.681295471731573,2.0311999833211303,40.583300055004656,2.0,0.14742587151280356,0.0,3,4,6,7,10,17,41,41,41,41,41
GET,/api/recommendations/user_fd99ab515dc04a42ad8f00bf682dc4f9,54,0,4,4.762548149166697,2.0872000604867935,35.2901000296697,2.0,0.1809317514020771,0.0,4,4,5,6,6,9,13,35,35,35,35
POST,/api/user-behavior,29202,0,4,6.287798887142872,1.5388999599963427,562.678899965249,196.0,97.84387045265659,0.0,4,4,5,6,7,13,49,82,190,550,560
,Aggregated,38968,0,4,6.2296246921041005,1.5388999599963427,567.541699972935,147.38051734756723,130.5657127525211,0.0,4,4,5,6,7,12,45,78,190,550,570
