Timestamp,User Count,Type,Name,Requests/s,Failures/s,50%,66%,75%,80%,90%,95%,98%,99%,99.9%,99.99%,100%,Total Request Count,Total Failure Count,Total Median Response Time,Total Average Response Time,Total Min Response Time,Total Max Response Time,Total Average Content Size
1746154729,0,,Aggregated,0.000000,0.000000,N/A,N/A,N/A,N/A,N/A,N/A,N/A,N/A,N/A,N/A,N/A,0,0,0,0.0,0,0,0
1746154730,20,,Aggregated,0.000000,0.000000,41,44,44,45,52,60,60,60,60,60,60,20,0,41,42.568154993932694,36.919399979524314,60.24100002832711,166.9
1746154731,40,,Aggregated,0.000000,0.000000,41,100,120,120,120,120,120,150,150,150,150,58,0,41,56.55271895751678,2.355500007979572,146.17839991115034,155.86206896551724
1746154732,60,,Aggregated,20.000000,0.000000,39,45,52,56,120,120,120,120,150,150,150,106,0,39,41.201934893835194,2.355500007979572,146.17839991115034,152.0754716981132
1746154733,100,,Aggregated,28.000000,0.000000,16,43,48,51,110,120,120,120,150,150,150,167,0,16,32.47963292886709,2.289299969561398,146.17839991115034,154.17964071856287
1746154734,120,,Aggregated,34.666667,0.000000,5,40,46,50,56,120,120,120,150,150,150,250,0,5,27.149902794044465,2.17779993545264,146.17839991115034,153.32
1746154735,140,,Aggregated,40.750000,0.000000,5,36,45,50,76,110,120,120,150,150,150,343,0,5,26.918979004261683,2.17779993545264,146.17839991115034,154.71137026239066
1746154736,160,,Aggregated,47.000000,0.000000,5,23,44,49,56,110,120,120,150,150,150,445,0,5,24.05046741268859,2.006600028835237,146.17839991115034,154.58426966292134
1746154737,180,,Aggregated,53.833333,0.000000,5,12,43,49,57,100,120,120,150,150,150,557,0,5,22.2716226208624,2.006600028835237,146.17839991115034,152.1149012567325
1746154738,200,,Aggregated,60.571429,0.000000,6,20,41,49,59,92,120,120,150,150,150,692,0,6,23.24231979780362,2.006600028835237,146.17839991115034,151.98554913294797
1746154739,200,,Aggregated,66.125000,0.000000,6,18,37,46,62,94,110,120,150,150,150,839,0,6,22.945768176550235,2.006600028835237,146.17839991115034,150.91060786650775
1746154740,200,,Aggregated,73.333333,0.000000,6,22,44,52,84,91,110,120,150,550,550,1025,0,6,25.855025852825946,1.7828000709414482,549.9909999780357,151.33268292682928
1746154742,200,,Aggregated,92.000000,0.000000,6,15,37,48,82,90,110,120,560,570,570,1168,0,6,25.046691694276962,1.7828000709414482,567.541699972935,151.32020547945206
1746154743,200,,Aggregated,98.800000,0.000000,6,18,44,54,87,95,120,120,560,570,570,1349,0,6,27.38726248951205,1.7828000709414482,567.541699972935,151.13120830244625
1746154744,200,,Aggregated,106.100000,0.000000,6,13,38,51,86,95,110,120,560,570,570,1466,0,6,25.683726738194338,1.7828000709414482,567.541699972935,151.13915416098226
1746154745,200,,Aggregated,114.400000,0.000000,6,12,36,50,86,94,110,120,560,570,570,1616,0,6,24.96959319178852,1.7828000709414482,567.541699972935,151.46163366336634
1746154746,200,,Aggregated,117.800000,0.000000,6,10,29,45,83,93,110,120,560,570,570,1746,0,6,23.42679009043141,1.7828000709414482,567.541699972935,151.0
1746154747,200,,Aggregated,124.100000,0.000000,5,9,23,43,81,92,110,120,560,570,570,1880,0,5,22.05947590304509,1.7828000709414482,567.541699972935,149.66702127659573
1746154748,200,,Aggregated,126.800000,0.000000,5,8,18,37,77,91,100,120,560,570,570,2008,0,5,20.96569546702665,1.7828000709414482,567.541699972935,149.23904382470118
1746154749,200,,Aggregated,128.900000,0.000000,5,8,14,30,71,90,100,120,560,570,570,2147,0,5,19.921048764218796,1.7828000709414482,567.541699972935,149.64601769911505
1746154750,200,,Aggregated,129.400000,0.000000,5,7,12,26,67,90,100,120,560,570,570,2279,0,5,19.05553369771014,1.7828000709414482,567.541699972935,150.2027204914436
1746154751,200,,Aggregated,128.100000,0.000000,5,7,11,22,60,88,100,120,560,570,570,2427,0,5,18.25506893168102,1.7828000709414482,567.541699972935,149.71817058096414
1746154752,200,,Aggregated,127.600000,0.000000,5,7,10,18,58,88,100,120,560,570,570,2557,0,5,17.50855870064316,1.7828000709414482,567.541699972935,149.0363707469691
1746154753,200,,Aggregated,129.700000,0.000000,5,6,9,16,56,87,100,120,560,570,570,2697,0,5,16.797448868090118,1.7828000709414482,567.541699972935,148.5250278086763
1746154755,200,,Aggregated,130.800000,0.000000,5,6,9,14,55,87,98,110,560,570,570,2830,0,5,16.304997914320996,1.7828000709414482,567.541699972935,148.35689045936397
1746154756,200,,Aggregated,133.700000,0.000000,5,7,12,22,65,93,150,190,550,570,570,3013,0,5,20.12697374629777,1.7828000709414482,567.541699972935,149.19017590441422
1746154757,200,,Aggregated,126.500000,0.000000,5,7,11,20,62,91,150,190,550,570,570,3122,0,5,19.701711530469044,1.7828000709414482,567.541699972935,148.89814221652787
1746154758,200,,Aggregated,131.200000,0.000000,5,7,13,26,80,100,150,190,550,570,570,3283,0,5,21.744948613323768,1.7828000709414482,567.541699972935,149.43527261650928
1746154759,200,,Aggregated,129.300000,0.000000,5,7,11,23,76,100,150,190,550,570,570,3418,0,5,21.067825920838697,1.7828000709414482,567.541699972935,149.40140433001756
1746154760,200,,Aggregated,128.800000,0.000000,5,7,11,21,70,98,150,190,550,570,570,3549,0,5,20.511602281500153,1.7828000709414482,567.541699972935,149.0989010989011
1746154761,200,,Aggregated,127.500000,0.000000,5,7,10,19,66,97,140,190,550,570,570,3680,0,5,19.944849102403563,1.7828000709414482,567.541699972935,148.65978260869565
1746154762,200,,Aggregated,128.900000,0.000000,5,7,10,17,63,96,130,190,550,570,570,3830,0,5,19.4106787722497,1.7828000709414482,567.541699972935,148.3864229765013
1746154763,200,,Aggregated,130.100000,0.000000,5,6,9,16,60,95,120,190,550,570,570,3961,0,5,18.909054430005558,1.7531000776216388,567.541699972935,148.39383993940925
1746154764,200,,Aggregated,128.300000,0.000000,5,6,9,15,58,94,120,180,390,570,570,4109,0,5,18.56001973660206,1.7531000776216388,567.541699972935,148.55049890484304
1746154765,200,,Aggregated,128.900000,0.000000,5,6,9,13,56,93,120,180,390,570,570,4238,0,5,18.123697262383036,1.7531000776216388,567.541699972935,148.85040113260973
1746154766,200,,Aggregated,128.300000,0.000000,5,6,9,13,55,92,120,180,390,570,570,4381,0,5,17.748934945768255,1.7531000776216388,567.541699972935,148.83953435288745
1746154767,200,,Aggregated,133.400000,0.000000,5,6,8,12,55,91,120,180,390,570,570,4518,0,5,17.390015537272554,1.7531000776216388,567.541699972935,148.72377158034527
1746154768,200,,Aggregated,130.000000,0.000000,5,6,8,12,53,90,120,180,390,570,570,4656,0,5,16.99949976321249,1.7531000776216388,567.541699972935,148.75
1746154769,200,,Aggregated,132.400000,0.000000,5,6,8,11,52,90,120,180,390,570,570,4777,0,5,16.735010319704262,1.7531000776216388,567.541699972935,148.566045635336
1746154770,200,,Aggregated,131.400000,0.000000,5,6,8,11,51,88,110,170,390,570,570,4927,0,5,16.378496589691245,1.7531000776216388,567.541699972935,148.15952912522835
1746154771,200,,Aggregated,133.200000,0.000000,5,6,8,10,50,88,110,170,390,570,570,5066,0,5,16.050223430156844,1.7531000776216388,567.541699972935,147.94038689301223
1746154772,200,,Aggregated,132.300000,0.000000,5,6,8,11,51,88,110,160,390,570,570,5209,0,5,16.25580827355668,1.7531000776216388,567.541699972935,147.58379727394893
1746154773,200,,Aggregated,131.700000,0.000000,5,6,8,10,51,88,110,160,390,570,570,5336,0,5,15.972474587064047,1.7531000776216388,567.541699972935,147.57271364317842
1746154774,200,,Aggregated,131.500000,0.000000,5,6,7,10,50,87,110,160,390,570,570,5486,0,5,15.66417641219039,1.7482000403106213,567.541699972935,147.5884068538097
1746154776,200,,Aggregated,131.900000,0.000000,5,6,7,10,49,87,110,160,390,570,570,5604,0,5,15.48596020660986,1.7482000403106213,567.541699972935,147.5
1746154777,200,,Aggregated,131.900000,0.000000,4,6,7,10,45,86,110,160,390,570,570,5753,0,4,15.218662766795738,1.7469999147579074,567.541699972935,147.542151920737
1746154778,200,,Aggregated,133.100000,0.000000,4,6,7,9,45,86,110,160,390,570,570,5876,0,4,14.989280870892463,1.7428999999538064,567.541699972935,147.5660313138189
1746154779,200,,Aggregated,131.800000,0.000000,4,6,7,9,43,85,110,160,390,570,570,6025,0,4,14.751582124166159,1.7428999999538064,567.541699972935,147.44365145228215
1746154780,200,,Aggregated,132.000000,0.000000,4,6,7,9,40,85,110,160,390,570,570,6156,0,4,14.518149155024904,1.7428999999538064,567.541699972935,147.15334632878492
1746154781,200,,Aggregated,131.700000,0.000000,4,6,7,9,39,84,110,160,390,570,570,6295,0,4,14.316427942832918,1.7428999999538064,567.541699972935,146.96838760921366
1746154782,200,,Aggregated,131.900000,0.000000,4,6,7,8,38,83,110,150,390,570,570,6432,0,4,14.086720460438835,1.6616999637335539,567.541699972935,147.31902985074626
1746154783,200,,Aggregated,132.200000,0.000000,4,6,7,8,37,83,110,150,390,570,570,6573,0,4,13.877944150398614,1.6616999637335539,567.541699972935,147.50737867031796
1746154784,200,,Aggregated,133.400000,0.000000,4,6,7,8,34,82,110,150,390,570,570,6699,0,4,13.686383505190435,1.6616999637335539,567.541699972935,147.43484102104793
1746154785,200,,Aggregated,132.700000,0.000000,4,6,7,8,31,80,110,150,390,570,570,6843,0,4,13.515264314065012,1.6616999637335539,567.541699972935,147.577962881777
1746154786,200,,Aggregated,133.000000,0.000000,4,5,7,8,29,80,110,150,390,570,570,6967,0,4,13.34306357137485,1.6616999637335539,567.541699972935,147.7436486292522
1746154787,200,,Aggregated,130.600000,0.000000,4,5,7,8,29,76,100,150,390,570,570,7112,0,4,13.219535742588189,1.6616999637335539,567.541699972935,147.55455568053992
1746154788,200,,Aggregated,134.200000,0.000000,4,5,7,8,28,75,100,150,390,570,570,7253,0,4,13.036663656535291,1.6616999637335539,567.541699972935,147.77416241555218
1746154789,200,,Aggregated,133.000000,0.000000,4,5,7,8,26,71,100,150,390,570,570,7386,0,4,12.887210506479178,1.6616999637335539,567.541699972935,148.01218521527213
1746154790,200,,Aggregated,133.300000,0.000000,4,5,6,8,25,70,100,140,390,570,570,7528,0,4,12.722795430677111,1.6616999637335539,567.541699972935,148.06695005313497
1746154791,200,,Aggregated,132.500000,0.000000,4,5,6,8,23,69,100,130,390,570,570,7662,0,4,12.59016581869416,1.6616999637335539,567.541699972935,148.09501435656486
1746154792,200,,Aggregated,134.000000,0.000000,4,5,6,7,23,68,100,130,390,570,570,7800,0,4,12.434121782366091,1.6616999637335539,567.541699972935,147.9974358974359
1746154793,200,,Aggregated,132.400000,0.000000,4,5,6,7,22,67,100,130,390,570,570,7948,0,4,12.28173507835843,1.6616999637335539,567.541699972935,148.15903371917463
1746154794,200,,Aggregated,134.000000,0.000000,4,5,6,7,22,67,100,120,390,570,570,8077,0,4,12.200537799065177,1.6616999637335539,567.541699972935,148.22656927076886
1746154795,200,,Aggregated,133.200000,0.000000,4,5,6,7,21,66,100,120,390,570,570,8228,0,4,12.051965338307015,1.6616999637335539,567.541699972935,148.06587263004374
1746154796,200,,Aggregated,132.300000,0.000000,4,5,6,7,20,65,100,120,390,570,570,8353,0,4,11.933957021882474,1.6616999637335539,567.541699972935,148.086436011014
1746154797,200,,Aggregated,135.200000,0.000000,4,5,6,7,20,63,100,120,390,570,570,8484,0,4,11.81927536575983,1.6616999637335539,567.541699972935,148.2088637435172
1746154798,200,,Aggregated,133.300000,0.000000,4,5,6,7,19,63,100,120,390,570,570,8628,0,4,11.683494193684725,1.6616999637335539,567.541699972935,148.17454798331016
1746154799,200,,Aggregated,134.000000,0.000000,4,5,6,7,19,62,99,120,390,570,570,8760,0,4,11.588560046107704,1.6616999637335539,567.541699972935,148.14223744292238
1746154800,200,,Aggregated,132.800000,0.000000,4,5,6,7,18,61,98,120,390,570,570,8889,0,4,11.476387310616918,1.6616999637335539,567.541699972935,148.2693216334796
1746154801,200,,Aggregated,134.000000,0.000000,4,5,6,7,18,59,98,120,300,570,570,9043,0,4,11.387152903144585,1.6616999637335539,567.541699972935,148.24549375207343
1746154802,200,,Aggregated,133.600000,0.000000,4,5,6,7,18,59,97,120,300,570,570,9166,0,4,11.288010986509546,1.6616999637335539,567.541699972935,148.33602443814095
1746154803,200,,Aggregated,134.400000,0.000000,4,5,6,7,17,58,97,120,300,570,570,9308,0,4,11.180457144614559,1.6616999637335539,567.541699972935,148.25032230339494
1746154804,200,,Aggregated,131.900000,0.000000,4,5,6,7,17,56,97,120,300,570,570,9444,0,4,11.074427827324008,1.6616999637335539,567.541699972935,148.11626429479034
1746154805,200,,Aggregated,132.800000,0.000000,4,5,6,7,16,56,97,120,300,570,570,9577,0,4,11.028130427257205,1.6616999637335539,567.541699972935,147.99122898611256
1746154806,200,,Aggregated,134.000000,0.000000,4,5,6,7,16,56,96,120,300,570,570,9715,0,4,10.929194534445738,1.6616999637335539,567.541699972935,148.0341739577972
1746154807,200,,Aggregated,133.600000,0.000000,4,5,6,7,16,56,96,120,300,570,570,9848,0,4,10.858590709006567,1.6616999637335539,567.541699972935,147.91368805848904
1746154808,200,,Aggregated,133.500000,0.000000,4,5,6,7,15,55,95,120,300,570,570,9980,0,4,10.768575831873992,1.6616999637335539,567.541699972935,147.92765531062125
1746154809,200,,Aggregated,131.000000,0.000000,4,5,6,7,15,55,95,110,220,560,570,10116,0,4,10.674719484194268,1.6616999637335539,567.541699972935,147.7876631079478
1746154810,200,,Aggregated,133.500000,0.000000,4,5,6,7,14,55,95,110,220,560,570,10258,0,4,10.580822957894256,1.6616999637335539,567.541699972935,147.96334568141938
1746154811,200,,Aggregated,132.100000,0.000000,4,5,6,7,14,54,95,110,220,560,570,10386,0,4,10.491681610024342,1.6616999637335539,567.541699972935,148.03235124205662
1746154812,200,,Aggregated,130.400000,0.000000,4,5,6,7,14,54,95,110,220,560,570,10517,0,4,10.414433241576974,1.6616999637335539,567.541699972935,147.96576970618997
1746154813,200,,Aggregated,131.900000,0.000000,4,5,6,7,14,53,94,110,220,560,570,10653,0,4,10.336190153179624,1.6616999637335539,567.541699972935,147.81413686285552
1746154815,200,,Aggregated,131.100000,0.000000,4,5,6,7,13,53,94,110,220,560,570,10784,0,4,10.267477967541973,1.6616999637335539,567.541699972935,147.62592729970328
1746154816,200,,Aggregated,130.900000,0.000000,4,5,6,7,13,52,93,110,220,560,570,10925,0,4,10.19006982171861,1.6616999637335539,567.541699972935,147.5754691075515
1746154817,200,,Aggregated,129.400000,0.000000,4,5,6,6,13,52,93,110,220,560,570,11061,0,4,10.108180092424124,1.6616999637335539,567.541699972935,147.4868456739897
1746154818,200,,Aggregated,130.600000,0.000000,4,5,6,6,13,51,93,110,220,560,570,11198,0,4,10.068631229019712,1.6616999637335539,567.541699972935,147.49133773888195
1746154819,200,,Aggregated,132.300000,0.000000,4,5,6,6,13,51,92,110,220,560,570,11330,0,4,10.002501562442417,1.6616999637335539,567.541699972935,147.52568402471314
1746154820,200,,Aggregated,130.900000,0.000000,4,5,6,6,13,51,91,110,220,560,570,11479,0,4,9.940763612021264,1.6616999637335539,567.541699972935,147.41127275895113
1746154821,200,,Aggregated,131.400000,0.000000,4,5,6,6,12,50,91,110,220,560,570,11612,0,4,9.866466793174562,1.6616999637335539,567.541699972935,147.41646572511195
1746154822,200,,Aggregated,132.600000,0.000000,4,5,6,6,12,50,91,110,220,560,570,11752,0,4,9.793924566280586,1.5894001116976142,567.541699972935,147.48349217154527
1746154823,200,,Aggregated,132.100000,0.000000,4,5,6,6,12,49,90,110,220,560,570,11890,0,4,9.72325111042412,1.5388999599963427,567.541699972935,147.5897392767031
1746154824,200,,Aggregated,132.000000,0.000000,4,5,6,6,12,49,90,110,210,560,570,12032,0,4,9.66669421565344,1.5388999599963427,567.541699972935,147.48387632978722
1746154825,200,,Aggregated,133.900000,0.000000,4,5,6,6,11,48,90,110,210,560,570,12166,0,4,9.60955909938208,1.5388999599963427,567.541699972935,147.34851224724642
1746154826,200,,Aggregated,133.500000,0.000000,4,5,6,6,11,46,90,110,210,560,570,12296,0,4,9.55345932852391,1.5388999599963427,567.541699972935,147.35800260247234
1746154827,200,,Aggregated,133.500000,0.000000,4,5,6,6,11,45,90,110,210,560,570,12441,0,4,9.516070806544857,1.5388999599963427,567.541699972935,147.33236878064463
1746154828,200,,Aggregated,133.700000,0.000000,4,5,6,6,11,45,89,110,210,560,570,12576,0,4,9.461766245521506,1.5388999599963427,567.541699972935,147.1606234096692
1746154829,200,,Aggregated,134.300000,0.000000,4,5,6,6,11,44,88,110,210,560,570,12705,0,4,9.406323809893593,1.5388999599963427,567.541699972935,147.21369539551358
1746154830,200,,Aggregated,134.600000,0.000000,4,5,6,6,11,43,88,110,210,560,570,12841,0,4,9.353464574777327,1.5388999599963427,567.541699972935,147.20161981154115
1746154831,200,,Aggregated,134.700000,0.000000,4,5,6,6,11,43,88,110,210,560,570,12984,0,4,9.291266166420067,1.5388999599963427,567.541699972935,147.23105360443623
1746154832,200,,Aggregated,134.400000,0.000000,4,5,6,6,11,41,88,110,210,560,570,13108,0,4,9.247126686358344,1.5388999599963427,567.541699972935,147.15959719255417
1746154833,200,,Aggregated,132.500000,0.000000,4,5,6,6,11,40,88,110,210,560,570,13250,0,4,9.18557299658621,1.5388999599963427,567.541699972935,147.14128301886794
1746154834,200,,Aggregated,133.900000,0.000000,4,5,5,6,11,39,88,110,210,560,570,13372,0,4,9.134974349738313,1.5388999599963427,567.541699972935,147.0792701166617
1746154835,200,,Aggregated,132.400000,0.000000,4,5,5,6,10,39,88,110,210,560,570,13514,0,4,9.082228474494578,1.5388999599963427,567.541699972935,146.97602486310493
1746154836,200,,Aggregated,132.900000,0.000000,4,5,5,6,10,38,87,110,210,560,570,13655,0,4,9.030912098406938,1.5388999599963427,567.541699972935,146.88553643354084
1746154837,200,,Aggregated,132.500000,0.000000,4,5,5,6,10,37,87,110,210,560,570,13783,0,4,8.983846223822049,1.5388999599963427,567.541699972935,146.83494159471812
1746154838,200,,Aggregated,131.800000,0.000000,4,5,5,6,10,37,87,110,210,560,570,13930,0,4,8.934524314687303,1.5388999599963427,567.541699972935,146.94989231873654
1746154839,200,,Aggregated,131.200000,0.000000,4,5,5,6,10,36,87,110,210,560,570,14053,0,4,8.894305016946463,1.5388999599963427,567.541699972935,146.9788657226215
1746154840,200,,Aggregated,131.500000,0.000000,4,5,5,6,10,36,87,110,210,560,570,14188,0,4,8.852767374060042,1.5388999599963427,567.541699972935,146.9667324499577
1746154841,200,,Aggregated,130.700000,0.000000,4,5,5,6,10,34,86,100,210,560,570,14316,0,4,8.809614403699749,1.5388999599963427,567.541699972935,147.1476669460743
1746154842,200,,Aggregated,130.500000,0.000000,4,5,5,6,10,33,86,100,210,560,570,14460,0,4,8.772728769203653,1.5388999599963427,567.541699972935,147.17800829875517
1746154843,200,,Aggregated,132.200000,0.000000,4,5,5,6,10,32,86,100,210,560,570,14592,0,4,8.725205092073258,1.5388999599963427,567.541699972935,147.04797149122808
1746154844,200,,Aggregated,130.700000,0.000000,4,5,5,6,10,31,86,100,210,560,570,14721,0,4,8.68127948526898,1.5388999599963427,567.541699972935,147.16065484681747
1746154845,200,,Aggregated,130.500000,0.000000,4,5,5,6,10,30,86,100,210,560,570,14857,0,4,8.63388020479675,1.5388999599963427,567.541699972935,147.13764555428418
1746154846,200,,Aggregated,131.000000,0.000000,4,5,5,6,10,29,86,100,210,560,570,15002,0,4,8.597040708070201,1.5388999599963427,567.541699972935,147.0150646580456
1746154847,200,,Aggregated,131.700000,0.000000,4,5,5,6,9,29,85,100,210,560,570,15134,0,4,8.55740324446819,1.5388999599963427,567.541699972935,147.08338839698692
1746154848,200,,Aggregated,131.900000,0.000000,4,5,5,6,9,28,85,100,210,560,570,15279,0,4,8.531021690016848,1.5388999599963427,567.541699972935,147.1540022252765
1746154849,200,,Aggregated,131.400000,0.000000,4,5,5,6,9,28,85,100,210,560,570,15413,0,4,8.486899760086361,1.5388999599963427,567.541699972935,147.2262375916434
1746154850,200,,Aggregated,132.800000,0.000000,4,5,5,6,9,28,85,100,210,560,570,15552,0,4,8.454771984439885,1.5388999599963427,567.541699972935,147.16319444444446
1746154851,200,,Aggregated,132.700000,0.000000,4,5,5,6,9,27,84,100,210,560,570,15683,0,4,8.414483287752407,1.5388999599963427,567.541699972935,147.20002550532425
1746154852,200,,Aggregated,133.200000,0.000000,4,5,5,6,9,27,84,100,210,560,570,15818,0,4,8.381069869885543,1.5388999599963427,567.541699972935,147.15046149955748
1746154853,200,,Aggregated,132.900000,0.000000,4,5,5,6,9,26,83,100,210,560,570,15954,0,4,8.342450250846904,1.5388999599963427,567.541699972935,147.06832142409428
1746154854,200,,Aggregated,133.300000,0.000000,4,5,5,6,9,25,83,100,210,560,570,16081,0,4,8.317977370964218,1.5388999599963427,567.541699972935,146.9722032211927
1746154856,200,,Aggregated,133.100000,0.000000,4,5,5,6,9,25,83,100,210,560,570,16221,0,4,8.278870156142078,1.5388999599963427,567.541699972935,146.8452006658036
1746154857,200,,Aggregated,132.200000,0.000000,4,5,5,6,9,24,83,100,210,560,570,16358,0,4,8.24171223888122,1.5388999599963427,567.541699972935,146.9248074336716
1746154858,200,,Aggregated,133.100000,0.000000,4,5,5,6,9,24,83,100,210,560,570,16493,0,4,8.21072211267756,1.5388999599963427,567.541699972935,146.92657491056812
1746154859,200,,Aggregated,133.100000,0.000000,4,5,5,6,9,23,82,100,210,560,570,16633,0,4,8.183904419195548,1.5388999599963427,567.541699972935,146.89641074971442
1746154860,200,,Aggregated,131.700000,0.000000,4,5,5,6,9,23,82,100,210,560,570,16760,0,4,8.152034009818204,1.5388999599963427,567.541699972935,146.8054892601432
1746154861,200,,Aggregated,132.200000,0.000000,4,5,5,6,9,23,82,100,210,560,570,16903,0,4,8.117827048735082,1.5388999599963427,567.541699972935,146.8888363012483
1746154862,200,,Aggregated,131.400000,0.000000,4,5,5,6,9,23,81,100,210,560,570,17041,0,4,8.086592976009515,1.5388999599963427,567.541699972935,146.94501496391058
1746154863,200,,Aggregated,132.000000,0.000000,4,5,5,6,9,22,81,100,210,560,570,17166,0,4,8.05498579188825,1.5388999599963427,567.541699972935,146.86147034836304
1746154864,200,,Aggregated,133.000000,0.000000,4,5,5,6,9,22,81,100,210,560,570,17303,0,4,8.020100439443855,1.5388999599963427,567.541699972935,146.85811708952204
1746154865,200,,Aggregated,132.200000,0.000000,4,5,5,6,9,22,80,100,210,560,570,17444,0,4,7.995206753260065,1.5388999599963427,567.541699972935,146.84384315523963
1746154866,200,,Aggregated,132.700000,0.000000,4,5,5,6,9,21,80,100,210,560,570,17567,0,4,7.964023760686496,1.5388999599963427,567.541699972935,146.84567655262708
1746154867,200,,Aggregated,133.000000,0.000000,4,5,5,6,9,21,80,99,210,560,570,17703,0,4,7.93809210329205,1.5388999599963427,567.541699972935,146.82878608145512
1746154868,200,,Aggregated,132.100000,0.000000,4,5,5,6,9,21,80,99,210,560,570,17850,0,4,7.9020662243211905,1.5388999599963427,567.541699972935,146.78812324929973
1746154869,200,,Aggregated,131.900000,0.000000,4,5,5,6,9,21,79,98,210,560,570,17979,0,4,7.881586078397799,1.5388999599963427,567.541699972935,146.70960565103732
1746154870,200,,Aggregated,131.800000,0.000000,4,5,5,6,9,20,77,98,210,560,570,18111,0,4,7.854223157367178,1.5388999599963427,567.541699972935,146.80106012920325
1746154871,200,,Aggregated,131.600000,0.000000,4,5,5,6,9,20,76,98,210,560,570,18253,0,4,7.8346700982938104,1.5388999599963427,567.541699972935,146.790554977264
1746154872,200,,Aggregated,132.500000,0.000000,4,5,5,6,9,20,76,98,210,560,570,18392,0,4,7.802555143765357,1.5388999599963427,567.541699972935,146.6877990430622
1746154873,200,,Aggregated,131.500000,0.000000,4,5,5,6,9,20,75,97,210,560,570,18532,0,4,7.787995068195077,1.5388999599963427,567.541699972935,146.73580833153466
1746154874,200,,Aggregated,131.300000,0.000000,4,5,5,6,9,19,74,97,210,560,570,18661,0,4,7.763456551324267,1.5388999599963427,567.541699972935,146.7852741010664
1746154875,200,,Aggregated,133.100000,0.000000,4,5,5,6,9,19,73,97,210,560,570,18800,0,4,7.740682957717465,1.5388999599963427,567.541699972935,146.86021276595744
1746154876,200,,Aggregated,132.000000,0.000000,4,5,5,6,8,19,71,97,210,560,570,18937,0,4,7.710585552404696,1.5388999599963427,567.541699972935,146.98009188361408
1746154877,200,,Aggregated,132.700000,0.000000,4,5,5,6,8,19,71,97,210,560,570,19078,0,4,7.68823685424714,1.5388999599963427,567.541699972935,146.92546388510326
1746154878,200,,Aggregated,133.100000,0.000000,4,5,5,6,8,19,70,97,210,560,570,19206,0,4,7.66629160706963,1.5388999599963427,567.541699972935,146.91919191919192
1746154879,200,,Aggregated,132.400000,0.000000,4,5,5,6,8,18,70,97,210,560,570,19360,0,4,7.6375295354071655,1.5388999599963427,567.541699972935,146.90878099173554
1746154880,200,,Aggregated,133.800000,0.000000,4,5,5,6,8,18,70,96,210,560,570,19479,0,4,7.615621982935907,1.5388999599963427,567.541699972935,146.93978130294164
1746154881,200,,Aggregated,132.700000,0.000000,4,5,5,6,8,18,69,96,210,560,570,19622,0,4,7.59279613729287,1.5388999599963427,567.541699972935,146.97105289980635
1746154882,200,,Aggregated,133.100000,0.000000,4,4,5,6,8,18,69,96,210,560,570,19753,0,4,7.567562021265875,1.5388999599963427,567.541699972935,146.93282033108895
1746154883,200,,Aggregated,133.700000,0.000000,4,4,5,6,8,18,69,96,210,560,570,19893,0,4,7.557854069589879,1.5388999599963427,567.541699972935,146.87829889911023
1746154884,200,,Aggregated,133.600000,0.000000,4,4,5,6,8,18,69,96,210,560,570,20029,0,4,7.534143776817724,1.5388999599963427,567.541699972935,146.93095012232263
1746154885,200,,Aggregated,133.400000,0.000000,4,4,5,6,8,18,68,95,210,560,570,20162,0,4,7.517695650550489,1.5388999599963427,567.541699972935,146.91786529114177
1746154886,200,,Aggregated,133.800000,0.000000,4,4,5,6,8,18,68,95,210,560,570,20295,0,4,7.499350293478202,1.5388999599963427,567.541699972935,146.94318797733433
1746154887,200,,Aggregated,133.600000,0.000000,4,4,5,6,8,18,67,95,210,560,570,20435,0,4,7.481323538346028,1.5388999599963427,567.541699972935,146.95649620748716
1746154888,200,,Aggregated,132.800000,0.000000,4,4,5,6,8,18,67,95,210,560,570,20565,0,4,7.457888257065269,1.5388999599963427,567.541699972935,146.94578166788233
1746154889,200,,Aggregated,133.500000,0.000000,4,4,5,6,8,18,67,95,210,560,570,20702,0,4,7.438089754944393,1.5388999599963427,567.541699972935,146.98927639841563
1746154890,200,,Aggregated,132.900000,0.000000,4,4,5,6,8,17,66,95,210,560,570,20841,0,4,7.4144476995750725,1.5388999599963427,567.541699972935,146.9251955280457
1746154891,200,,Aggregated,133.200000,0.000000,4,4,5,6,8,17,66,95,210,560,570,20978,0,4,7.396172399966529,1.5388999599963427,567.541699972935,146.90351797120792
1746154892,200,,Aggregated,132.300000,0.000000,4,4,5,6,8,17,66,95,210,560,570,21116,0,4,7.3790524818539405,1.5388999599963427,567.541699972935,146.86607311990906
1746154893,200,,Aggregated,133.400000,0.000000,4,4,5,6,8,17,66,95,210,560,570,21261,0,4,7.3616542263984766,1.5388999599963427,567.541699972935,146.79055547716476
1746154894,200,,Aggregated,133.100000,0.000000,4,4,5,6,8,17,66,94,210,560,570,21390,0,4,7.34354098674799,1.5388999599963427,567.541699972935,146.81524076671343
1746154895,200,,Aggregated,132.700000,0.000000,4,4,5,6,8,17,66,94,210,560,570,21531,0,4,7.329386220171992,1.5388999599963427,567.541699972935,146.8580186707538
1746154896,200,,Aggregated,133.200000,0.000000,4,4,5,6,8,17,65,94,210,560,570,21662,0,4,7.307892600261002,1.5388999599963427,567.541699972935,146.88652940633366
1746154897,200,,Aggregated,133.400000,0.000000,4,4,5,6,8,17,65,94,210,560,570,21797,0,4,7.300759751640275,1.5388999599963427,567.541699972935,146.9237050970317
1746154899,200,,Aggregated,133.600000,0.000000,4,4,5,6,8,16,65,93,210,560,570,21928,0,4,7.279824662810867,1.5388999599963427,567.541699972935,146.87185333819775
1746154900,200,,Aggregated,132.500000,0.000000,4,4,5,6,8,16,65,93,210,560,570,22073,0,4,7.261921388367521,1.5388999599963427,567.541699972935,146.9572781225932
1746154901,200,,Aggregated,133.500000,0.000000,4,4,5,6,8,16,64,93,210,560,570,22188,0,4,7.246394411652798,1.5388999599963427,567.541699972935,146.93167477915992
1746154902,200,,Aggregated,133.900000,0.000000,4,4,5,6,8,16,63,93,210,560,570,22338,0,4,7.22498015069882,1.5388999599963427,567.541699972935,146.91377921031426
1746154903,200,,Aggregated,131.500000,0.000000,4,4,5,6,8,16,63,93,210,560,570,22465,0,4,7.207324887816988,1.5388999599963427,567.541699972935,146.9062986868462
1746154904,200,,Aggregated,131.900000,0.000000,4,4,5,6,8,16,63,92,210,560,570,22609,0,4,7.193657048269647,1.5388999599963427,567.541699972935,146.87575744172673
1746154905,200,,Aggregated,132.200000,0.000000,4,4,5,6,8,16,63,92,210,560,570,22738,0,4,7.176972134926589,1.5388999599963427,567.541699972935,146.89849590993052
1746154906,200,,Aggregated,132.000000,0.000000,4,4,5,6,8,16,62,91,210,560,570,22882,0,4,7.158485892991195,1.5388999599963427,567.541699972935,146.94467266847303
1746154907,200,,Aggregated,131.000000,0.000000,4,4,5,6,8,16,62,91,210,560,570,23003,0,4,7.143184158707555,1.5388999599963427,567.541699972935,146.90753379993913
1746154908,200,,Aggregated,131.000000,0.000000,4,4,5,6,8,16,62,91,210,560,570,23151,0,4,7.128025795975974,1.5388999599963427,567.541699972935,146.94484039566325
1746154909,200,,Aggregated,131.900000,0.000000,4,4,5,6,8,15,62,91,210,560,570,23283,0,4,7.110896817527422,1.5388999599963427,567.541699972935,146.9396555426706
1746154910,200,,Aggregated,132.400000,0.000000,4,4,5,6,8,15,61,91,210,560,570,23427,0,4,7.09879688831171,1.5388999599963427,567.541699972935,146.96794297178468
1746154911,200,,Aggregated,132.100000,0.000000,4,4,5,6,8,15,61,91,210,560,570,23550,0,4,7.079741193298962,1.5388999599963427,567.541699972935,146.93571125265393
1746154912,200,,Aggregated,131.800000,0.000000,4,4,5,6,8,15,61,90,210,560,570,23699,0,4,7.0737859024726175,1.5388999599963427,567.541699972935,146.92493354149966
1746154913,200,,Aggregated,133.200000,0.000000,4,4,5,6,8,15,60,90,210,560,570,23829,0,4,7.053973532334462,1.5388999599963427,567.541699972935,146.93214150824625
1746154914,200,,Aggregated,133.400000,0.000000,4,4,5,6,8,15,60,90,210,560,570,23975,0,4,7.056385560050544,1.5388999599963427,567.541699972935,146.90727841501564
1746154915,200,,Aggregated,132.000000,0.000000,4,4,5,6,8,15,60,90,210,560,570,24099,0,4,7.04877333508765,1.5388999599963427,567.541699972935,146.90227810282585
1746154916,200,,Aggregated,132.700000,0.000000,4,4,5,6,8,15,60,90,210,560,570,24233,0,4,7.037137399540929,1.5388999599963427,567.541699972935,146.87756365287007
1746154917,200,,Aggregated,132.500000,0.000000,4,4,5,6,8,15,59,90,210,560,570,24371,0,4,7.028854938351517,1.5388999599963427,567.541699972935,146.94875056419514
1746154918,200,,Aggregated,133.500000,0.000000,4,4,5,6,8,15,59,90,210,560,570,24522,0,4,7.016588777539014,1.5388999599963427,567.541699972935,146.8552320365386
1746154919,200,,Aggregated,134.000000,0.000000,4,4,5,6,8,15,59,90,210,560,570,24644,0,4,6.998576213391578,1.5388999599963427,567.541699972935,146.81512741438078
1746154920,200,,Aggregated,131.700000,0.000000,4,4,5,6,8,15,58,90,210,560,570,24785,0,4,6.9887628849176435,1.5388999599963427,567.541699972935,146.89142626588662
1746154921,200,,Aggregated,132.400000,0.000000,4,4,5,6,8,15,58,90,210,560,570,24924,0,4,6.971163553285492,1.5388999599963427,567.541699972935,146.8773070133205
1746154922,200,,Aggregated,132.300000,0.000000,4,4,5,6,8,15,58,89,210,560,570,25057,0,4,6.959434405665412,1.5388999599963427,567.541699972935,146.9135171808277
1746154923,200,,Aggregated,133.200000,0.000000,4,4,5,6,8,15,58,89,210,560,570,25194,0,4,6.943032051366146,1.5388999599963427,567.541699972935,147.04183535762482
1746154924,200,,Aggregated,131.700000,0.000000,4,4,5,6,8,15,58,88,210,560,570,25332,0,4,6.936145472215764,1.5388999599963427,567.541699972935,147.09411021632718
1746154925,200,,Aggregated,133.200000,0.000000,4,4,5,6,8,15,57,88,210,560,570,25465,0,4,6.9258027646429845,1.5388999599963427,567.541699972935,147.1057529943059
1746154926,200,,Aggregated,132.400000,0.000000,4,4,5,6,8,15,57,88,210,560,570,25610,0,4,6.9103111207124455,1.5388999599963427,567.541699972935,146.95837563451778
1746154927,200,,Aggregated,133.700000,0.000000,4,4,5,6,8,15,57,88,210,560,570,25741,0,4,6.895582898947985,1.5388999599963427,567.541699972935,146.9667845072064
1746154928,200,,Aggregated,132.700000,0.000000,4,4,5,6,8,15,56,88,210,560,570,25874,0,4,6.881955383829647,1.5388999599963427,567.541699972935,146.94140836360825
1746154929,200,,Aggregated,132.100000,0.000000,4,4,5,6,8,15,56,88,210,560,570,26000,0,4,6.867879219272604,1.5388999599963427,567.541699972935,146.88815384615384
1746154930,200,,Aggregated,133.800000,0.000000,4,4,5,6,8,15,56,88,210,560,570,26156,0,4,6.861567598282298,1.5388999599963427,567.541699972935,146.8695519192537
1746154931,200,,Aggregated,133.200000,0.000000,4,4,5,6,8,14,56,88,210,560,570,26272,0,4,6.846220264960233,1.5388999599963427,567.541699972935,146.79849269183921
1746154932,200,,Aggregated,132.800000,0.000000,4,4,5,6,8,14,56,88,210,560,570,26414,0,4,6.837770368045609,1.5388999599963427,567.541699972935,146.79859165594004
1746154933,200,,Aggregated,133.100000,0.000000,4,4,5,6,8,14,56,88,210,560,570,26538,0,4,6.82177370569446,1.5388999599963427,567.541699972935,146.87497173863892
1746154934,200,,Aggregated,132.900000,0.000000,4,4,5,6,8,14,56,88,210,560,570,26674,0,4,6.814429954328854,1.5388999599963427,567.541699972935,146.87815850641073
1746154935,200,,Aggregated,132.100000,0.000000,4,4,5,6,8,14,56,88,210,560,570,26813,0,4,6.802335553701647,1.5388999599963427,567.541699972935,146.89404393391266
1746154936,200,,Aggregated,132.200000,0.000000,4,4,5,6,8,14,56,88,210,560,570,26953,0,4,6.7992766297411675,1.5388999599963427,567.541699972935,146.91878455088488
1746154937,200,,Aggregated,130.800000,0.000000,4,4,5,6,8,14,56,88,210,560,570,27092,0,4,6.785606821226965,1.5388999599963427,567.541699972935,146.977262660564
1746154939,200,,Aggregated,131.900000,0.000000,4,4,5,6,8,14,55,87,210,560,570,27211,0,4,6.77325128812645,1.5388999599963427,567.541699972935,146.9991547535923
1746154940,200,,Aggregated,131.500000,0.000000,4,4,5,6,8,14,55,87,210,560,570,27353,0,4,6.757314517613199,1.5388999599963427,567.541699972935,147.02657843746573
1746154941,200,,Aggregated,130.600000,0.000000,4,4,5,6,8,14,55,87,210,560,570,27488,0,4,6.745605817090155,1.5388999599963427,567.541699972935,147.06242724097788
1746154942,200,,Aggregated,131.800000,0.000000,4,4,5,6,8,14,55,87,210,560,570,27624,0,4,6.7338397878687015,1.5388999599963427,567.541699972935,147.0013756154069
1746154943,200,,Aggregated,129.500000,0.000000,4,4,5,6,8,14,55,87,210,560,570,27772,0,4,6.722456204084081,1.5388999599963427,567.541699972935,147.05293100965
1746154944,200,,Aggregated,131.000000,0.000000,4,4,5,6,8,14,55,87,210,560,570,27896,0,4,6.707790489660086,1.5388999599963427,567.541699972935,147.08273587611126
1746154945,200,,Aggregated,132.500000,0.000000,4,4,5,6,8,14,55,87,210,560,570,28037,0,4,6.701703894816361,1.5388999599963427,567.541699972935,147.06580589934728
1746154946,200,,Aggregated,131.600000,0.000000,4,4,5,6,8,14,55,87,210,560,570,28163,0,4,6.686334619850334,1.5388999599963427,567.541699972935,147.07808117032985
1746154947,200,,Aggregated,132.800000,0.000000,4,4,5,6,8,14,55,87,210,560,570,28312,0,4,6.674120588374719,1.5388999599963427,567.541699972935,147.0751624752755
1746154948,200,,Aggregated,131.900000,0.000000,4,4,5,6,8,14,55,86,210,560,570,28429,0,4,6.660618509194018,1.5388999599963427,567.541699972935,147.11273699391467
1746154949,200,,Aggregated,131.500000,0.000000,4,4,5,6,8,14,55,86,210,560,570,28562,0,4,6.650218100901467,1.5388999599963427,567.541699972935,147.1637840487361
1746154950,200,,Aggregated,131.100000,0.000000,4,4,5,6,8,14,54,86,210,560,570,28701,0,4,6.637415804233302,1.5388999599963427,567.541699972935,147.19751925020034
1746154951,200,,Aggregated,133.300000,0.000000,4,4,5,6,8,14,54,86,210,560,570,28837,0,4,6.62649086925444,1.5388999599963427,567.541699972935,147.19221833061692
1746154952,200,,Aggregated,131.500000,0.000000,4,4,5,6,8,14,54,86,210,560,570,28978,0,4,6.618446252188169,1.5388999599963427,567.541699972935,147.19538960590793
1746154953,200,,Aggregated,132.900000,0.000000,4,4,5,6,8,13,54,86,200,560,570,29118,0,4,6.60854555250873,1.5388999599963427,567.541699972935,147.1901916340408
1746154954,200,,Aggregated,132.800000,0.000000,4,4,5,6,8,13,54,86,200,560,570,29248,0,4,6.594210875886132,1.5388999599963427,567.541699972935,147.21478391684903
1746154955,200,,Aggregated,132.100000,0.000000,4,4,5,6,8,13,54,86,200,560,570,29397,0,4,6.601745882182279,1.5388999599963427,567.541699972935,147.20468074973635
1746154956,200,,Aggregated,132.200000,0.000000,4,4,5,6,8,13,54,86,200,560,570,29532,0,4,6.589227133206571,1.5388999599963427,567.541699972935,147.17811187864012
1746154957,200,,Aggregated,132.300000,0.000000,4,4,5,6,8,13,53,86,200,560,570,29666,0,4,6.5790080293229565,1.5388999599963427,567.541699972935,147.18937504213577
1746154958,200,,Aggregated,130.900000,0.000000,4,4,5,6,8,13,53,86,200,560,570,29806,0,4,6.566786398641335,1.5388999599963427,567.541699972935,147.19083406025632
1746154959,200,,Aggregated,132.200000,0.000000,4,4,5,6,8,13,53,86,200,560,570,29939,0,4,6.557828210636085,1.5388999599963427,567.541699972935,147.20678713383882
1746154960,200,,Aggregated,132.100000,0.000000,4,4,5,6,8,13,53,86,200,550,570,30074,0,4,6.546208688504111,1.5388999599963427,567.541699972935,147.16133537274723
1746154961,200,,Aggregated,131.800000,0.000000,4,4,5,6,8,13,53,86,200,550,570,30210,0,4,6.534081367038693,1.5388999599963427,567.541699972935,147.14359483614697
1746154962,200,,Aggregated,133.200000,0.000000,4,4,5,6,8,13,53,86,200,550,570,30329,0,4,6.526996884098589,1.5388999599963427,567.541699972935,147.14979062943058
1746154963,200,,Aggregated,131.900000,0.000000,4,4,5,6,8,13,52,86,200,550,570,30483,0,4,6.5267279794857265,1.5388999599963427,567.541699972935,147.12292097234524
1746154964,200,,Aggregated,132.100000,0.000000,4,4,5,6,8,13,52,85,200,550,570,30611,0,4,6.516114419619721,1.5388999599963427,567.541699972935,147.10548495638824
1746154965,200,,Aggregated,131.000000,0.000000,4,4,5,6,8,13,52,85,200,550,570,30751,0,4,6.512767246539467,1.5388999599963427,567.541699972935,147.10728106403045
1746154966,200,,Aggregated,133.500000,0.000000,4,4,5,6,8,13,52,85,200,550,570,30888,0,4,6.5007643129684,1.5388999599963427,567.541699972935,147.1545584045584
1746154967,200,,Aggregated,132.600000,0.000000,4,4,5,6,8,13,52,85,190,550,570,31023,0,4,6.4962298358916275,1.5388999599963427,567.541699972935,147.0982174515682
1746154968,200,,Aggregated,133.000000,0.000000,4,4,5,6,8,13,52,85,190,550,570,31153,0,4,6.484659625053284,1.5388999599963427,567.541699972935,147.11546239527493
1746154969,200,,Aggregated,133.200000,0.000000,4,4,5,6,8,13,51,85,190,550,570,31292,0,4,6.476272523336976,1.5388999599963427,567.541699972935,147.0970216029656
1746154970,200,,Aggregated,133.300000,0.000000,4,4,5,6,8,13,51,85,190,550,570,31420,0,4,6.468760321442308,1.5388999599963427,567.541699972935,147.06779121578612
1746154971,200,,Aggregated,132.100000,0.000000,4,4,5,6,8,13,51,85,190,550,570,31568,0,4,6.459419202998176,1.5388999599963427,567.541699972935,147.02679929042068
1746154972,200,,Aggregated,132.500000,0.000000,4,4,5,6,8,13,51,84,190,550,570,31695,0,4,6.449775504040743,1.5388999599963427,567.541699972935,147.05776936425303
1746154973,200,,Aggregated,132.300000,0.000000,4,4,5,6,8,13,51,84,190,550,570,31841,0,4,6.4406267988102215,1.5388999599963427,567.541699972935,147.09330737099967
1746154974,200,,Aggregated,132.300000,0.000000,4,4,5,6,8,13,51,84,190,550,570,31982,0,4,6.433271186934691,1.5388999599963427,567.541699972935,147.08448502282533
1746154975,200,,Aggregated,132.500000,0.000000,4,4,5,6,8,13,51,83,190,550,570,32117,0,4,6.427103727008843,1.5388999599963427,567.541699972935,147.10284273126382
1746154977,200,,Aggregated,131.500000,0.000000,4,4,5,6,8,13,51,83,190,550,570,32241,0,4,6.4165396451860985,1.5388999599963427,567.541699972935,147.0863186625725
1746154978,200,,Aggregated,133.400000,0.000000,4,4,5,6,8,13,51,83,190,550,570,32388,0,4,6.405697761512582,1.5388999599963427,567.541699972935,147.0507595405706
1746154979,200,,Aggregated,133.400000,0.000000,4,4,5,6,8,13,50,83,190,550,570,32522,0,4,6.394292792549994,1.5388999599963427,567.541699972935,147.02576717299058
1746154980,200,,Aggregated,132.900000,0.000000,4,4,5,6,8,13,50,83,190,550,570,32673,0,4,6.391810926439026,1.5388999599963427,567.541699972935,147.05616258072413
1746154981,200,,Aggregated,133.900000,0.000000,4,4,5,6,8,13,50,83,190,550,570,32797,0,4,6.395947461647704,1.5388999599963427,567.541699972935,147.06375583132603
1746154982,200,,Aggregated,132.600000,0.000000,4,4,5,6,8,13,50,83,190,550,570,32943,0,4,6.39897244325339,1.5388999599963427,567.541699972935,147.08630057978934
1746154983,200,,Aggregated,133.000000,0.000000,4,4,5,6,8,13,50,83,190,550,570,33070,0,4,6.390838261204681,1.5388999599963427,567.541699972935,147.08642273964318
1746154984,200,,Aggregated,133.400000,0.000000,4,4,5,6,8,13,50,83,190,550,570,33204,0,4,6.381628900061682,1.5388999599963427,567.541699972935,147.13191181785328
1746154985,200,,Aggregated,133.400000,0.000000,4,4,5,6,8,13,50,83,190,550,570,33335,0,4,6.371008135517075,1.5388999599963427,567.541699972935,147.13190340482976
1746154986,200,,Aggregated,132.400000,0.000000,4,4,5,6,8,13,50,83,190,550,570,33478,0,4,6.365174188969805,1.5388999599963427,567.541699972935,147.05089909791505
1746154987,200,,Aggregated,130.800000,0.000000,4,4,5,6,8,13,50,83,190,550,570,33612,0,4,6.364103144643184,1.5388999599963427,567.541699972935,147.05557538974176
1746154988,200,,Aggregated,131.900000,0.000000,4,4,5,6,8,13,50,83,190,550,570,33754,0,4,6.360223591239513,1.5388999599963427,567.541699972935,147.06031877703384
1746154989,200,,Aggregated,132.800000,0.000000,4,4,5,6,8,13,49,82,190,550,570,33886,0,4,6.351350203603168,1.5388999599963427,567.541699972935,147.05058136103406
1746154990,200,,Aggregated,131.700000,0.000000,4,4,5,6,8,13,49,82,190,550,570,34030,0,4,6.3441886981541975,1.5388999599963427,567.541699972935,147.10379077284747
1746154991,200,,Aggregated,131.900000,0.000000,4,4,5,6,8,13,49,82,190,550,570,34159,0,4,6.338207880747051,1.5388999599963427,567.541699972935,147.10670687081003
1746154992,200,,Aggregated,131.400000,0.000000,4,4,5,6,8,13,49,82,190,550,570,34292,0,4,6.329757885167521,1.5388999599963427,567.541699972935,147.08701738014696
1746154993,200,,Aggregated,132.700000,0.000000,4,4,5,6,8,13,49,82,190,550,570,34429,0,4,6.3341457375362245,1.5388999599963427,567.541699972935,147.09570420285226
1746154994,200,,Aggregated,131.600000,0.000000,4,4,5,6,8,13,49,82,190,550,570,34572,0,4,6.336471598321038,1.5388999599963427,567.541699972935,147.11280805275945
1746154995,200,,Aggregated,131.400000,0.000000,4,4,5,6,8,13,49,82,190,550,570,34701,0,4,6.328709878585331,1.5388999599963427,567.541699972935,147.1268263162445
1746154996,200,,Aggregated,132.100000,0.000000,4,4,5,6,8,13,49,82,190,550,570,34844,0,4,6.32066820103623,1.5388999599963427,567.541699972935,147.1603719435197
1746154997,200,,Aggregated,133.200000,0.000000,4,4,5,6,8,13,49,82,190,550,570,34965,0,4,6.312042325109815,1.5388999599963427,567.541699972935,147.13519233519233
1746154998,200,,Aggregated,132.200000,0.000000,4,4,5,6,8,13,48,82,190,550,570,35120,0,4,6.312089336511349,1.5388999599963427,567.541699972935,147.15751708428246
1746154999,200,,Aggregated,132.100000,0.000000,4,4,5,6,8,13,48,82,190,550,570,35245,0,4,6.3013696552429055,1.5388999599963427,567.541699972935,147.1766207972762
1746155000,200,,Aggregated,132.400000,0.000000,4,4,5,6,8,13,48,82,190,550,570,35384,0,4,6.296699966051643,1.5388999599963427,567.541699972935,147.20941668550756
1746155001,200,,Aggregated,132.100000,0.000000,4,4,5,6,8,13,48,82,190,550,570,35521,0,4,6.2869833985315315,1.5388999599963427,567.541699972935,147.261056839616
1746155002,200,,Aggregated,132.700000,0.000000,4,4,5,6,8,13,48,81,190,550,570,35659,0,4,6.277439706633694,1.5388999599963427,567.541699972935,147.21573796236575
1746155003,200,,Aggregated,131.600000,0.000000,4,4,5,6,8,13,48,81,190,550,570,35787,0,4,6.268775071925735,1.5388999599963427,567.541699972935,147.2709643166513
1746155004,200,,Aggregated,131.700000,0.000000,4,4,5,6,8,13,46,81,190,550,570,35935,0,4,6.261467073843322,1.5388999599963427,567.541699972935,147.27190761096423
1746155005,200,,Aggregated,133.500000,0.000000,4,4,5,6,7,13,46,81,190,550,570,36062,0,4,6.252426307437012,1.5388999599963427,567.541699972935,147.27674560479176
1746155006,200,,Aggregated,131.900000,0.000000,4,4,5,6,7,12,45,81,190,550,570,36208,0,4,6.244762593875177,1.5388999599963427,567.541699972935,147.28568272205038
1746155007,200,,Aggregated,132.500000,0.000000,4,4,5,6,7,12,45,81,190,550,570,36341,0,4,6.2385849480799545,1.5388999599963427,567.541699972935,147.26644836410665
1746155008,200,,Aggregated,133.600000,0.000000,4,4,5,5,7,12,45,80,190,550,570,36481,0,4,6.2312337983736255,1.5388999599963427,567.541699972935,147.27798031852197
1746155010,200,,Aggregated,133.700000,0.000000,4,4,5,6,7,12,45,80,190,550,570,36612,0,4,6.237776147116924,1.5388999599963427,567.541699972935,147.2880476346553
1746155011,200,,Aggregated,133.100000,0.000000,4,4,5,6,8,13,49,81,190,550,570,36779,0,4,6.320495603463997,1.5388999599963427,567.541699972935,147.2771418472498
1746155012,200,,Aggregated,131.800000,0.000000,4,4,5,6,8,13,49,81,190,550,570,36909,0,4,6.3147004362154195,1.5388999599963427,567.541699972935,147.2910672193774
1746155013,200,,Aggregated,133.900000,0.000000,4,4,5,6,8,13,49,81,190,550,570,37053,0,4,6.323972987350522,1.5388999599963427,567.541699972935,147.28140771327557
1746155014,200,,Aggregated,133.200000,0.000000,4,4,5,6,8,13,49,81,190,550,570,37183,0,4,6.3154945997063425,1.5388999599963427,567.541699972935,147.27956324126617
1746155015,200,,Aggregated,132.000000,0.000000,4,4,5,6,8,13,49,80,190,550,570,37319,0,4,6.309990463329672,1.5388999599963427,567.541699972935,147.31155711567834
1746155016,200,,Aggregated,132.800000,0.000000,4,4,5,6,8,13,49,80,190,550,570,37451,0,4,6.304853307000813,1.5388999599963427,567.541699972935,147.2863207925022
1746155017,200,,Aggregated,132.900000,0.000000,4,4,5,6,8,13,48,80,190,550,570,37596,0,4,6.297230319714539,1.5388999599963427,567.541699972935,147.31939568039152
1746155018,200,,Aggregated,132.100000,0.000000,4,4,5,6,8,13,48,80,190,550,570,37724,0,4,6.289527881449612,1.5388999599963427,567.541699972935,147.3508641713498
1746155019,200,,Aggregated,133.300000,0.000000,4,4,5,6,8,13,48,80,190,550,570,37871,0,4,6.282063544650422,1.5388999599963427,567.541699972935,147.36553035304058
1746155020,200,,Aggregated,132.200000,0.000000,4,4,5,6,8,13,48,80,190,550,570,38000,0,4,6.273643378931172,1.5388999599963427,567.541699972935,147.35705263157894
1746155021,200,,Aggregated,132.300000,0.000000,4,4,5,6,8,13,47,80,190,550,570,38137,0,4,6.26492092981283,1.5388999599963427,567.541699972935,147.3995332616619
1746155022,200,,Aggregated,134.300000,0.000000,4,4,5,6,8,13,46,80,190,550,570,38271,0,4,6.258030404243037,1.5388999599963427,567.541699972935,147.38721224948395
1746155023,200,,Aggregated,132.800000,0.000000,4,4,5,6,8,12,46,79,190,550,570,38411,0,4,6.250046666349984,1.5388999599963427,567.541699972935,147.35731951784646
